crm_id,siret_gt,siren
6574,39192883500027,391928835
6465,95780241600033,957802416
7647,58213743600223,582137436
6234,21110049000013,211100490
6155,32676568200025,326765682
6161,43013957600010,430139576
6235,13002793100067,130027931
6243,38812026300040,388120263
6248,49319140700078,493191407
6241,20007192600014,200071926
6238,40353368000027,403533680
7843,77578372300049,775783723
7188,82534201700027,825342017
7197,77674425200078,776744252
7167,35274701800526,352747018
7178,39185155700416,391851557
7187,44249119700673,442491197
7859,94749582600010,947495826
8417,78285946600057,782859466
947,41794434500020,417944345
960,42505055601577,425050556
981,40051676100030,400516761
998,37970038800133,379700388
1010,78285946600065,782859466
6655,41030903300026,410309033
973,44033346600512,440333466
999,37899289501407,378992895
1003,44826933200012,448269332
6663,80106424700035,801064247
6661,78285946600032,782859466
6665,90829738500027,908297385
6649,85312305700020,853123057
6624,34165287300041,341652873
6659,32748912600026,327489126
1234,41030116200351,410301162
1484,42154458600033,421544586
1611,79846514200031,798465142
1150,20006952400011,200069524
1402,26140120200013,261401202
1454,72382005600015,723820056
1219,33913719200011,339137192
1439,45032786100016,450327861
1580,32086318600013,320863186
1630,89364945900011,893649459
1681,53387486300038,533874863
4957,38006587000020,380065870
1214,25140051100035,251400511
1628,37869582900028,378695829
1238,62645001900023,626450019
4792,31727561800021,317275618
1985,50266174700019,502661747
2011,43528507700739,435285077
4727,41904254400181,419042544
4771,45203887000021,452038870
5004,44149212100021,441492121
5037,52266486100054,522664861
5071,89441440800019,894414408
5080,49537623800012,495376238
1848,71202124500071,712021245
1903,33751414500032,337514145
460,22140118500410,221401185
470,19141268300036,191412683
472,19141313700016,191413137
473,19141596700014,191415967
4695,78070570300111,780705703
4698,19141408500016,191414085
4703,17140661400015,171406614
4704,32598592700038,325985927
4730,47980663000022,479806630
4736,34022491400010,340224914
4781,78093681100063,780936811
4796,82268740600022,822687406
4826,44492238900010,444922389
4852,47883493000016,478834930
4864,78071619700014,780716197
4869,83836635900019,838366359
4907,17350120600184,173501206
4917,22140118500170,221401185
4925,13000548124762,130005481
5025,78071394700015,780713947
5035,49400973100063,494009731
5043,43263405300024,432634053
4757,82216861300021,822168613
5075,79258696800051,792586968
1461,20006487100011,200064871
1364,53416964400059,534169644
4722,79863630400023,798636304
4766,38142078500036,381420785
4841,59382030100038,593820301
4927,53858144800031,538581448
4943,52822584000016,528225840
5069,53134098200028,531340982
1458,21140173200014,211401732
1267,70205283800167,702052838
1526,56206041800026,562060418
4884,44227845300083,442278453
1654,44096765100025,440967651
1870,34516330700027,345163307
1732,33217194100013,332171941
1448,48913393400021,489133934
1937,40141550000040,401415500
1942,43824178800027,438241788
1974,89069678400010,890696784
1998,78072679000014,780726790
1999,38534017900014,385340179
2009,71202124500063,712021245
4976,83382518500030,833825185
5014,40088581000038,400885810
1873,78072777200029,780727772
1190,78072836600029,780728366
1745,30497421500077,304974215
1891,34516077400039,345160774
1301,21140243300018,211402433
1180,20006672800011,200066728
1331,44953334800016,449533348
1470,49523312400033,495233124
1566,13000548119168,130005481
1657,33655005800026,336550058
1857,39339743500024,393397435
5039,52319874500029,523198745
1220,21140277100011,211402771
1493,69382036700029,693820367
5022,84309493900017,843094939
5065,41197324100051,411973241
1605,33955706800048,339557068
1839,53879857000056,538798570
1930,52870750800024,528707508
1542,21140305000019,211403050
1649,78073401800010,780734018
1425,53888084000011,538880840
1512,32958169800027,329581698
1450,20007714700011,200077147
1517,32312577300024,323125773
1736,31252079400065,312520794
4770,40282757000019,402827570
4795,42310447000038,423104470
4885,34897434600028,348974346
4993,38374552800042,383745528
5029,78073646800023,780736468
5032,50869734900043,508697349
5041,88027536700022,880275367
1295,47800177900022,478001779
1434,82426989800022,824269898
1716,34835204800048,348352048
1762,25140437200020,251404372
1563,44003618400016,440036184
1593,43401337100027,434013371
4753,64480008801133,644800088
4829,33758130000023,337581300
4856,44397392000046,443973920
4983,62985730100481,629857301
1171,21140366200011,211403662
1291,31949395300016,319493953
1348,44492238900036,444922389
1353,33237404000019,332374040
1354,78074474400019,780744744
1355,78074474400027,780744744
1490,35006338400266,350063384
1564,78074498300039,780744983
1667,55208329701810,552083297
1679,62555012400014,625550124
1825,38836283200023,388362832
1460,48228412200025,482284122
1323,78074611100027,780746111
1625,44453258400026,444532584
1627,49073912500030,490739125
4963,48118401800044,481184018
1729,32586619200033,325866192
1305,34449112100028,344491121
1487,79217532500010,792175325
1537,21140409000022,211404090
1571,21140409000014,211404090
4713,40321266500026,403212665
4746,43392911400018,433929114
4845,79860711500010,798607115
4955,43229045000027,432290450
5023,32565471300354,325654713
5024,52187197000013,521871970
1387,41376698100745,413766981
1672,35088800400032,350888004
1269,51909178900031,519091789
1393,61920067800123,619200678
1561,20006558900109,200065589
1530,34121262900032,341212629
1786,38006587000012,380065870
1834,40788959100019,407889591
1864,40422433900014,404224339
1660,39010541900050,390105419
1674,21140500600019,211405006
1233,32083781800139,320837818
1467,32782057700036,327820577
1820,39977682200021,399776822
1722,47725003900013,477250039
1767,51188503000011,511885030
1730,20006048100013,200060481
1876,80879937300028,808799373
1941,39433815600257,394338156
1955,43401842000050,434018420
1963,42972676300072,429726763
1302,39390413100025,393904131
1644,50133528500026,501335285
1443,47675019500010,476750195
1149,65382016700050,653820167
1286,44006470700027,440064707
1865,40422433900022,404224339
1310,35172166700027,351721667
1396,42431197500033,424311975
459,33493414800035,334934148
1846,21140675600018,211406756
1368,80143533000015,801435330
1877,78076583000010,780765830
1932,26140042800031,261400428
1979,41050536600014,410505366
1996,81886576800027,818865768
2007,80356435000020,803564350
1540,21140724200018,211407242
1578,20005464100028,200054641
1552,20005464100010,200054641
1257,82419412000021,824194120
1417,44432973401097,444329734
1153,33975596900039,339755969
1196,33975596900070,339755969
1273,37575048600041,375750486
1445,59382004600054,593820046
1652,44956750200025,449567502
1787,42288458500015,422884585
1841,53125243500023,531252435
1181,21140752300011,211407523
1587,79029660200010,790296602
1976,44232977700019,442329777
1977,33168854900012,331688549
1990,84140733100021,841407331
2023,45175289300029,451752893
1442,37752603300016,377526033
1186,37575046000053,375750460
1307,35172166700035,351721667
1557,50164519600111,501645196
1600,50142315600014,501423156
1740,49011913800025,490119138
1744,38403015100045,384030151
1874,83533530800010,835335308
1881,48471892900017,484718929
1894,45075763800017,450757638
736,33848936200016,338489362
4364,78117263000027,781172630
4380,30096135600122,300961356
4441,52869521600010,528695216
4466,89490215400018,894902154
4478,33079315900030,330793159
4502,39519547200018,395195472
4397,44370777300067,443707773
4436,35316372800036,353163728
4443,39374486700010,393744867
4448,44361337700011,443613377
4484,31778006200806,317780062
887,28160011400017,281600114
4384,32611551600071,326115516
4407,42399908500123,423999085
4487,34461002700015,344610027
4404,51888668400019,518886684
4467,82385299100012,823852991
4418,53124491100024,531244911
4425,50071108000027,500711080
4463,31194510900016,311945109
4356,34361740300021,343617403
4410,38804226900026,388042269
4421,51307530900015,513075309
4501,50802454400027,508024544
6399,32303491800041,323034918
6402,35368256000035,353682560
6404,16002301600241,160023016
6407,49098556100029,490985561
7927,41962807800042,419628078
6210,40280908100027,402809081
7942,16002301600142,160023016
6165,19211164900013,192111649
6177,20007089400015,200070894
6173,01715087100030,017150871
6200,42817331400017,428173314
6179,89102749200018,891027492
6164,90817445100017,908174451
8359,33511748700041,335117487
6026,77566202601033,775662026
6214,40123327500064,401233275
6223,30864965600011,308649656
6261,52119114800019,521191148
6263,48320673600025,483206736
6265,79426274100018,794262741
7858,38767580400026,387675804
6127,33832946900120,338329469
7864,38306875600048,383068756
6119,45138119800014,451381198
1030,87794890100013,877948901
1032,83798102600011,837981026
1039,49971437600021,499714376
1106,50296167500019,502961675
1112,47952166800026,479521668
1113,38033416900030,380334169
1132,38335067500013,383350675
1134,40394297200056,403942972
1137,19300949500014,193009495
1145,83463652400011,834636524
14071,50251139700031,502511397
14080,30563503900194,305635039
14175,19341604700010,193416047
8153,99790752200038,997907522
8403,49319140700557,493191407
14099,44519859100015,445198591
14049,57223241100544,572232411
14053,77590335400022,775903354
14061,30401205700085,304012057
14074,83019450200019,830194502
14079,37814077600113,378140776
14085,51206369400016,512063694
14097,41436886000022,414368860
14101,77591485600023,775914856
14113,38527960900023,385279609
14125,91470584300029,914705843
14131,85124452500016,851244525
14132,55208329701349,552083297
14152,77591370000057,775913700
14158,77591142300017,775911423
14160,77591142300082,775911423
14161,77591142300066,775911423
14168,19300025400014,193000254
14189,41063462000281,410634620
14030,34758223100226,347582231
14037,44413257500028,444132575
14108,84454296900010,844542969
14169,19300037900019,193000379
1042,34942515700014,349425157
1114,40986731400034,409867314
1119,49442205800011,494422058
1133,40986731400042,409867314
1060,51068851800016,510688518
1094,52804205400023,528042054
1123,40767860600028,407678606
1033,35152148900028,351521489
1046,56450302700034,564503027
1015,44089525800059,440895258
14103,80358565200024,803585652
6277,97900108800017,979001088
8485,79278219500012,792782195
8601,31774946300038,317749463
6290,39136863600018,391368636
7453,32753011900020,327530119
6280,77568849200229,775688492
6307,34217728400029,342177284
6286,52997370300018,529973703
7448,42934011000049,429340110
8578,37777704000041,377777040
8607,40895155600013,408951556
6284,35274701800401,352747018
16876,51114594800028,511145948
16972,30925610500557,309256105
8568,50040993300040,500409933
6310,44242749800021,442427498
8458,83218560700021,832185607
8467,45224280300032,452242803
8478,43307085100020,433070851
8490,44386676900054,443866769
8491,32292671800014,322926718
8497,39236244800152,392362448
8499,48193065900091,481930659
8506,52844305400036,528443054
8524,33130041800034,331300418
8529,43389969700075,433899697
8530,39089573800032,390895738
8531,83833069400020,838330694
8552,38434702700078,384347027
8556,13000548120570,130005481
8561,30692010900072,306920109
8584,40970750200046,409707502
8602,39150621900107,391506219
8605,52199090300010,521990903
8608,33510805600144,335108056
8615,82219511100023,822195111
8617,43389969700067,433899697
8618,87280339000105,872803390
7901,32673669100022,326736691
8471,50523872500020,505238725
8484,34821460200024,348214602
8488,39507200200045,395072002
8494,33803439000066,338034390
8567,48773831200023,487738312
8600,80991562200017,809915622
7449,58213743600280,582137436
7465,17310231000401,173102310
7473,41892972500061,418929725
8033,66080284400028,660802844
16889,19310044300020,193100443
16890,48079305800029,480793058
16903,19311384200010,193113842
16904,77566591200033,775665912
16944,77558124200366,775581242
16952,51524920900047,515249209
16956,53950190800013,539501908
16964,42867712400045,428677124
16996,50862792400022,508627924
16998,37899289500029,378992895
17004,31954393000030,319543930
8007,80863444800027,808634448
8557,16002301600068,160023016
7482,34432043700025,344320437
6076,48160419700055,481604197
6065,16002301600340,160023016
7948,30967421600036,309674216
7645,30192066600031,301920666
7697,50005997700024,500059977
6043,51094526400016,510945264
6069,13000548120083,130005481
6044,51094526400024,510945264
6103,39098132200071,390981322
6112,50255805900056,502558059
6081,88836041900442,888360419
7683,19330199100017,193301991
10803,71291388800012,712913888
11406,83472914700019,834729147
11514,83929032700015,839290327
11578,41246204600175,412462046
11660,88878371900014,888783719
10798,44281488500020,442814885
11250,38143510600046,381435106
11376,34235325700039,342353257
10772,21340023700011,213400237
11051,42006875100023,420068751
11526,21340028600018,213400286
11570,20004264600097,200042646
10777,49182214400011,491822144
10925,58212223000029,582122230
10986,54292008700013,542920087
11048,32609301000030,326093010
11134,48228369400107,482283694
11332,39982730200023,399827302
11403,39170721300024,391707213
11536,34881939200039,348819392
11556,30077280300023,300772803
11640,77598215000028,775982150
11694,39022732000020,390227320
11700,37811411001347,378114110
10852,79980506400034,799805064
11492,34491352000021,344913520
10810,46680005900019,466800059
11000,42459649200159,424596492
11019,44056242900033,440562429
11457,13000548112775,130005481
10849,79464117500011,794641175
11102,43014268700051,430142687
11488,50050515100034,500505151
11065,32863270800025,328632708
10968,46780049600011,467800496
10884,38936188200035,389361882
10906,38381266600105,383812666
11036,31988334403077,319883344
11381,33424619600037,334246196
11647,89542002400021,895420024
11509,21340081500105,213400815
10966,38060206000143,380602060
11396,50853703200049,508537032
10796,19340024900010,193400249
11508,77599746300036,775997463
11636,77558804900012,775588049
11273,21340113600014,213401136
11704,42860788100011,428607881
11183,49002343900022,490023439
11598,34978952900030,349789529
11290,77605922200096,776059222
11280,42382404400014,423824044
10999,77562917301373,775629173
11530,52152640000010,521526400
10942,39748292800017,397482928
11388,44358673000030,443586730
10927,20001734100120,200017341
11703,63615002100013,636150021
11208,74984804000038,749848040
11641,82317468500011,823174685
8323,44289601500082,442896015
10835,33877110800069,338771108
10912,82783974700033,827839747
10949,37779122300045,377791223
11049,33877110800044,338771108
11106,32584258100010,325842581
11167,71205261200199,712052612
11308,79489066500019,794890665
11394,91198420100028,911984201
11605,38814247300056,388142473
11628,81938030400017,819380304
10809,42225599200014,422255992
11022,40295552000034,402955520
10782,19340955400014,193409554
10789,19341278000010,193412780
10808,19340053800016,193400538
10831,24340001700089,243400017
10833,49914084600019,499140846
10940,39236244800087,392362448
10945,82401217300046,824012173
10996,81921322400044,819213224
11078,45391540700044,453915407
11266,40250599400069,402505994
11442,13000548124234,130005481
11664,91524688800027,915246888
11123,82792789800029,827927898
11470,40419652900642,404196529
10894,48384892500036,483848925
11444,13000548125504,130005481
11567,84497741300021,844977413
11601,51275772500043,512757725
11639,44957240300037,449572403
11220,47973792600044,479737926
11336,25340048500038,253400485
10763,19340057900010,193400579
10858,79067503700010,790675037
11251,38072668700037,380726687
11441,38873456800511,388734568
11453,16002301600233,160023016
11504,33919893900029,339198939
10992,47960493600019,479604936
11054,52362529100035,523625291
11142,19340061100011,193400611
11304,39375289400039,393752894
11324,32520376800016,325203768
11679,48129649900017,481296499
11312,21340211800011,213402118
10842,21340213400018,213402134
10848,52164207400020,521642074
10815,30476343600017,304763436
11637,40248021400012,402480214
11133,50130429900024,501304299
11181,39847156501990,398471565
11221,43841763600034,438417636
11243,51273485600028,512734856
11414,33766816400060,337668164
11699,37811411000380,378114110
10995,77607487400012,776074874
11145,19341603900017,193416039
10892,38220420400079,382204204
11233,44780045900037,447800459
11445,13000548111025,130005481
11541,82861934600012,828619346
11613,38370305500087,383703055
11644,34138658900053,341386589
11650,40093650600056,400936506
11656,32435520500075,324355205
10900,77607904800018,776079048
10781,19340083500016,193400835
11355,51194747500022,511947475
11515,32388766100011,323887661
10870,42279535100028,422795351
10883,48408917200023,484089172
11084,41476751700025,414767517
11099,43206729600033,432067296
11479,49823440000022,498234400
11561,55208329701521,552083297
11317,48255975400031,482559754
11040,41020916700064,410209167
10982,58212223000094,582122230
11482,31412191400027,314121914
11261,34822176300017,348221763
11471,48488191700310,484881917
11589,30650557900046,306505579
10913,30704953600054,307049536
11325,48190518000024,481905180
11425,70378024700549,703780247
11521,51321603600030,513216036
10819,83376826000014,833768260
10987,32259221300050,322592213
11252,85182108200019,851821082
11260,95040876500028,950408765
11676,53126714400016,531267144
11722,32542198000021,325421980
7111,39866156100124,398661561
7114,73820526901775,738205269
7112,44227845300018,442278453
7124,34812365400017,348123654
7130,40252603200022,402526032
7913,44227845300034,442278453
6371,38855917100011,388559171
6333,77955228000132,779552280
6359,13000548125603,130005481
6382,32725617800044,327256178
6336,67202017900053,672020179
6384,34314039800029,343140398
6394,73820526901817,738205269
6358,41102120700146,411021207
7950,49093853700043,490938537
6366,08568004900377,085680049
7053,77837247400685,778372474
7054,77837247400669,778372474
7062,37891035000024,378910350
7055,77839625900047,778396259
7046,31425838500058,314258385
7030,35274701800153,352747018
7043,53766748700020,537667487
8347,13002153800025,130021538
7032,48015420200026,480154202
8225,26400331000010,264003310
7646,58213743600157,582137436
7342,51431693400074,514316934
124,19442277000017,194422770
13632,42031695200027,420316952
254,21440018600018,214400186
13054,81743658700015,817436587
13164,81503782500057,815037825
13194,43287143200048,432871432
13670,48414689900014,484146899
13672,32565471300180,325654713
13754,32565471300420,325654713
13929,40946809700020,409468097
705,21440026900012,214400269
706,21440026900129,214400269
13130,87280339000089,872803390
13243,39938169800022,399381698
13294,30340961900291,303409619
13404,38434702700060,384347027
13552,41971600600020,419716006
13626,37804049700026,378040497
13676,45308084800063,453080848
13733,79290406200033,792904062
13886,48013412100023,480134121
114,38818506800102,388185068
704,26440187800030,264401878
8308,33762184101158,337621841
13131,87280339000030,872803390
13212,34925706300041,349257063
13261,86680034500047,866800345
13343,41170860500075,411708605
13348,32992326200029,329923262
13508,43249563800053,432495638
13587,48204583800026,482045838
13640,33157796500105,331577965
13642,85780293800020,857802938
13853,49020929300029,490209293
149,19440010700018,194400107
12981,86980003700036,869800037
13315,80395231600039,803952316
13467,53286916100028,532869161
13859,82463457000017,824634570
13006,80270090600018,802700906
13573,83402184200028,834021842
45,26440013600471,264400136
97,26440013600596,264400136
98,26440013600513,264400136
104,26440013600026,264400136
108,26440013600638,264400136
120,33933424500034,339334245
130,19440285500010,194402855
141,78601491000032,786014910
224,13000721400013,130007214
453,22440002800011,224400028
454,22440002802405,224400028
941,30486500900035,304865009
12970,78835354800035,788353548
12976,80226680900010,802266809
12998,44132040500117,441320405
13009,41922342500044,419223425
13039,32810499700064,328104997
13041,49939825300041,499398253
13042,31210937400172,312109374
13046,32765716900204,327657169
13105,44835452200071,448354522
13113,39925689001645,399256890
13117,42513305500144,425133055
13119,66204244943162,662042449
13122,66204244939624,662042449
13124,66204244934542,662042449
13140,66204244933981,662042449
13147,22440002802595,224400028
13161,88522921100028,885229211
13182,86880120000023,868801200
13217,17440151300018,174401513
13225,75047738200014,750477382
13258,44306308600039,443063086
13276,34500228100045,345002281
13302,95420083800108,954200838
13425,78601955400116,786019554
13434,13000548120497,130005481
13436,78835495900017,788354959
13456,39054866700083,390548667
13473,49908137000011,499081370
13476,39259328100018,392593281
13518,52943423500014,529434235
13555,55208329701901,552083297
13592,84227247800012,842272478
13643,78984261400024,789842614
13653,44947676100050,449476761
13657,90153178000012,901531780
13658,47976695800140,479766958
13673,34960271400033,349602714
13732,32025933600040,320259336
13748,25440239900029,254402399
13799,82519032500027,825190325
13832,80833267002753,808332670
13924,52180808900044,521808089
13942,83135716500024,831357165
13954,39909133900248,399091339
13967,40041667300012,400416673
13236,40390608400039,403906084
13319,44880229800035,448802298
13431,13000548113153,130005481
13571,44347398800022,443473988
13654,39825193400038,398251934
13698,81789297900037,817892979
13980,78601196500021,786011965
13394,84390844300024,843908443
13424,13000548116925,130005481
13523,42082444300048,420824443
13538,31306332300049,313063323
13593,43905527800063,439055278
13724,44316376100036,443163761
13872,79139943900029,791399439
14010,53397002600043,533970026
13098,42271545800044,422715458
13173,43814827200026,438148272
13251,41063462000083,410634620
13254,90139895800016,901398958
13279,42867712400284,428677124
13418,48291927100023,482919271
13427,34042761601725,340427616
13694,31202280900023,312022809
13750,48890741100034,488907411
13762,34488412700020,344884127
13768,40145814600057,401458146
13778,33510805600169,335108056
13808,50836885900114,508368859
13844,49244383300024,492443833
13933,39931851800061,399318518
12989,81426458600086,814264586
13290,51356588700017,513565887
13330,82760832400048,827608324
13344,52180266000014,521802660
13512,78601209600065,786012096
13525,30510890400072,305108904
13567,62985730100432,629857301
13583,43186705000038,431867050
13720,33936347500049,339363475
13800,31778006201002,317780062
13891,48318913000030,483189130
247,21440120000016,214401200
150,19440065100015,194400651
152,19440064400010,194400644
12988,81426458600078,814264586
13095,43434394300032,434343943
13133,42505055605230,425050556
13367,78604315800025,786043158
13374,91792975400013,917929754
13391,39430467900027,394304679
13409,44298270800038,442982708
13416,85680214500065,856802145
13526,87380055100129,873800551
13589,35406351300015,354063513
13689,87280331700074,872803317
13723,77568271900155,775682719
13764,75176569400011,751765694
13999,82888986500022,828889865
12983,33842506900022,338425069
13613,49319140700276,493191407
156,78605526900017,786055269
677,32701625900019,327016259
687,38840680300022,388406803
12962,51832925500021,518329255
12977,78835484300047,788354843
13013,75310674900017,753106749
13061,33083945700216,330839457
13064,40291262000109,402912620
13066,39268578000026,392685780
13077,38462657800197,384626578
13088,48017335000145,480173350
13100,44508805700069,445088057
13134,48193065900075,481930659
13200,40181149200057,401811492
13202,42861673400219,428616734
13281,81457250900028,814572509
13386,42212829800029,422128298
13447,16002301600365,160023016
13454,52167615500026,521676155
13531,45406806500266,454068065
13752,41251994400026,412519944
13796,53784424300023,537844243
13871,79923841500019,799238415
14008,78605526900025,786055269
13112,62205031800097,622050318
13150,53066844100013,530668441
13325,35014392100053,350143921
13484,40969556600029,409695566
13781,42206627400040,422066274
14002,49853306600029,498533066
13011,44288801200212,442888012
13496,51239840500013,512398405
13530,77560962101870,775609621
13838,54208795200074,542087952
13203,79746832900033,797468329
13823,53261671100026,532616711
13079,77587839000027,775878390
13102,42141580300053,421415803
13210,44182328300045,441823283
13336,44227845300166,442278453
13722,53973697500035,539736975
13849,83121946400011,831219464
8369,17460431400016,174604314
5991,49033868800057,490338688
5992,48888577300041,488885773
6576,41290761000015,412907610
6609,78013017514027,780130175
6457,39131467100010,391314671
7688,77573906300045,775739063
7925,40882938000026,408829380
6504,31682603100015,316826031
6566,38281959700032,382819597
7091,68568035700090,685680357
7095,79145267500014,791452675
7096,42509101400109,425091014
7089,58213743600140,582137436
6474,55208567200418,552085672
6472,33843646200026,338436462
7832,21510614700014,215106147
6492,42509101400034,425091014
6542,44452832700026,444528327
6565,54208795200066,542087952
6450,41161091800012,411610918
6524,44216890200017,442168902
2461,45245444000226,452454440
2456,78996029100217,789960291
2550,81198755100033,811987551
2643,30517704000030,305177040
2662,40905295800025,409052958
2361,35326331200038,353263312
2379,21540257900019,215402579
2462,96850237700474,968502377
2392,74993624100027,749936241
2417,66204244922034,662042449
2307,31532139800028,315321398
2430,91166540400024,911665404
2471,41390920100217,413909201
2514,35107922300043,351079223
6482,13000548118491,130005481
2648,35157288800417,351572888
2494,44027225000026,440272250
2293,42219880400029,422198804
2434,43388478000050,433884780
2492,40852594700011,408525947
2518,44256529700011,442565297
2551,92139164500014,921391645
2676,44413985100059,444139851
6466,83403235100027,834032351
2323,48066182600176,480661826
2342,52750450000010,527504500
2367,50836850300027,508368503
2368,75067119000031,750671190
2378,92441450100016,924414501
2393,53894524700012,538945247
2438,30102995500053,301029955
2467,47904474500038,479044745
2473,13000548104434,130005481
2475,13000548116412,130005481
2476,13000548125447,130005481
2477,13000548123186,130005481
2486,48472766400035,484727664
2489,19541327300010,195413273
2533,38540417300028,385404173
2548,52862386100036,528623861
2557,42064023700020,420640237
2569,34539137900012,345391379
2574,79928125800019,799281258
2588,42427340700306,424273407
2599,55208329702289,552083297
2605,89874764700011,898747647
2629,78334097900039,783340979
2675,48469195100020,484691951
6440,44020465900021,440204659
2349,21540482300019,215404823
2547,42176742700014,421767427
2563,45166966700011,451669667
2531,34214913500044,342149135
2571,79455052500024,794550525
2350,21540547300012,215405473
2453,71206375900294,712063759
2630,45195331900030,451953319
2504,41798124800038,417981248
6443,57210489101441,572104891
6532,78334097900054,783340979
7653,88265496500053,882654965
7693,83256182300010,832561823
8276,42273286700029,422732867
7145,24561438300199,245614383
7159,77744910900043,777449109
7679,44227845300117,442278453
7142,49319140700995,493191407
7143,49319140700433,493191407
7689,78618008300028,786180083
6669,48055789100045,480557891
6673,16002301600316,160023016
7144,31778006200921,317780062
7772,79876764600010,798767646
5973,41288044500025,412880445
5976,53238122500020,532381225
12240,39998279200067,399982792
12341,33762184101372,337621841
12344,50050141600324,500501416
12426,88817156800015,888171568
12197,41383155300024,413831553
12311,30289782200029,302897822
12347,50755112500044,507551125
12446,34042761601675,340427616
12466,51919750300047,519197503
12468,13000548123632,130005481
12394,45850515300023,458505153
5108,34513066000045,345130660
5118,34513066000086,345130660
5128,82014321200018,820143212
5132,53004392600019,530043926
2056,48200853900025,482008539
2248,51816234200050,518162342
2274,38246082200028,382460822
17088,44419312200710,444193122
2135,44419312200504,444193122
2255,30341361100151,303413611
7776,88941086600020,889410866
6,38776278400024,387762784
874,38751371600010,387513716
2028,33865138300014,338651383
2039,13002374000256,130023740
2054,38049703200025,380497032
2090,07695002100014,076950021
2095,07705025000024,077050250
2105,07545056900126,075450569
2116,51795709800059,517957098
2132,52922174900060,529221749
2137,50879163900026,508791639
2139,42922043700025,429220437
2154,38240186700124,382401867
2165,78360262600013,783602626
2198,07565021800318,075650218
2205,89456543100299,894565431
2239,39746973500021,397469735
2242,45650389500082,456503895
2266,82311498800012,823114988
2286,48996779400020,489967794
2043,77562228500416,775622285
2073,52398673500034,523986735
2109,37945019000028,379450190
2269,83888568900029,838885689
2108,33968377300107,339683773
2194,34513066000110,345130660
2231,50459648700018,504596487
2243,45650389500249,456503895
2253,38325260800187,383252608
5117,50842133600191,508421336
8190,32877929300039,328779293
12461,32936967200046,329369672
12615,47903662600022,479036626
2128,77562228500093,775622285
2159,44227845300273,442278453
2196,78360262600047,783602626
2199,13000548103006,130005481
2259,47991852600068,479918526
2260,47991852600035,479918526
2279,37811411001099,378114110
2283,34201114500022,342011145
191,21590273500012,215902735
2038,33748271500022,337482715
2186,26590779000017,265907790
2271,44462384700019,444623847
12392,30220794900025,302207949
12519,34810619600028,348106196
12623,37960551200027,379605512
12208,50916107100014,509161071
12393,38885214700023,388852147
12452,33194137700037,331941377
2171,43491711800029,434917118
12302,33757528600014,337575286
12456,13000548126585,130005481
12575,52907384300037,529073843
12602,74555011100520,745550111
8191,48338514200037,483385142
12167,80485426300030,804854263
12169,75035367400047,750353674
12276,78370371300116,783703713
12383,77562467900640,775624679
12384,77562467900632,775624679
12409,53800879800026,538008798
12498,49869649100014,498696491
12531,47803765800042,478037658
12538,90352246400010,903522464
12547,45093704000019,450937040
12557,95038221800028,950382218
12670,35061879900059,350618799
12672,84106592300010,841065923
12611,79911955700012,799119557
12447,34042761601931,340427616
12210,34949617401342,349496174
12281,83377118100025,833771181
12321,34032397100135,340323971
12472,38398762501173,383987625
12473,41397165600058,413971656
12506,82193634100014,821936341
12548,44316878600046,443168786
12662,48325835600011,483258356
12663,77562438000090,775624380
12677,51176503400026,511765034
2140,48996779400046,489967794
2247,52455643800017,524556438
2262,42810739500025,428107395
12203,40762324800033,407623248
12516,47759310700048,477593107
12674,49289747500025,492897475
12391,43491711800011,434917118
12451,33194137700045,331941377
12243,66204244943568,662042449
12319,34032397100044,340323971
12467,13000548118608,130005481
12239,84340721400058,843407214
12270,55208329700655,552083297
12642,33510805600151,335108056
17019,71880047700165,718800477
8195,37890194600277,378901946
12621,43819254400023,438192544
8132,43210886800071,432108868
12613,32841016200031,328410162
17020,40958772200011,409587722
17075,45650389500124,456503895
17085,31778006200665,317780062
5130,31778006201309,317780062
12520,40918480100036,409184801
12444,34513066000128,345130660
12555,45650389500199,456503895
12587,81780388500018,817803885
12609,35327231300027,353272313
17057,50842133600316,508421336
12338,31643271500043,316432715
17023,85056628200024,850566282
12351,31829102800013,318291028
12650,82068772100028,820687721
12645,31778006201846,317780062
2267,35088998600021,350889986
12626,32565471300453,325654713
12675,84381045800029,843810458
2241,77562228500366,775622285
12648,48230809500025,482308095
12250,38376579900077,383765799
12259,57204173900077,572041739
12560,87994341300010,879943413
12420,77562467900020,775624679
17016,54880038200143,548800382
17035,80833267000542,808332670
17046,78971122300030,789711223
17050,77562467900699,775624679
17054,19590270500019,195902705
17071,51011293100017,510112931
12584,38047449400149,380474494
12194,47250105500058,472501055
12261,58213743600108,582137436
12273,50028663800308,500286638
12287,52134751800032,521347518
12212,53499869500033,534998695
12346,80389525900098,803895259
12190,39931356800012,399313568
12463,81275108900044,812751089
12425,21590656100018,215906561
8372,34127089000062,341270890
8411,22610001400134,226100014
868,19620007500014,196200075
4517,48999576100033,489995761
4554,42874890900465,428748909
4559,52210775400015,522107754
4615,19620257600027,196202576
4621,82778760700023,827787607
4627,78391195100011,783911951
4630,78393689100119,783936891
4642,38398762500795,383987625
4654,55208329700416,552083297
4666,50977996300016,509779963
4673,82482134200014,824821342
4681,44419312200827,444193122
5166,38377114400011,383771144
5230,50875025400023,508750254
5231,39424336400038,394243364
5179,42446940100030,424469401
5182,55210698100046,552106981
5186,19620063800019,196200638
5193,34327168000021,343271680
5203,16002301600225,160023016
5207,82017182500012,820171825
5209,49882053900019,498820539
5224,35264550101290,352645501
5228,80169357300025,801693573
5957,42958233100048,429582331
5963,81862348000014,818623480
5967,53940996100015,539409961
5177,37779122300060,377791223
5191,08568004900351,085680049
5226,37811411001172,378114110
8000,45021696500092,450216965
4547,78437953900041,784379539
7979,83376189300019,833761893
5954,78393689100127,783936891
5956,13000548124085,130005481
6422,49784663400010,497846634
7705,78393689100143,783936891
5147,43359903200045,433599032
4605,78962481400032,789624814
4618,49248622000022,492486220
4629,78393689100093,783936891
5959,81027388800018,810273888
4686,21620744900010,216207449
4515,56192019000023,561920190
4538,21620753000017,216207530
4539,21620753000058,216207530
4540,21620753000108,216207530
4568,58192101200042,581921012
4631,78393689100218,783936891
4641,50842133600027,508421336
4602,77815690100051,778156901
4640,21620764700050,216207647
4687,35104146200026,351041462
7684,38475558300026,384755583
4576,48760328400059,487603284
4513,32902163800054,329021638
4525,21620817300015,216208173
4623,44892800200014,448928002
4653,35212040600025,352120406
4524,79021072800024,790210728
5738,30146871600057,301468716
5823,44011476700013,440114767
5934,44147020000029,441470200
5735,41276520800035,412765208
5750,53116914200035,531169142
5918,48013124200038,480131242
5638,37789199900023,377891999
182,24630070100231,246300701
921,19631525300159,196315253
5545,31920166100075,319201661
5556,77921715700105,779217157
5562,81234979300016,812349793
5590,43388447500040,433884475
5617,35038196800097,350381968
5621,58213743600256,582137436
5628,39081398800016,390813988
5636,90104520300014,901045203
5639,28630014000014,286300140
5655,85620129800010,856201298
5668,79333915100011,793339151
5686,79025872700029,790258727
5688,77921892400016,779218924
5689,26630800600011,266308006
5698,19630082600019,196300826
5702,19630019800013,196300198
5703,19630021400034,196300214
5717,43890241300022,438902413
5749,48000608900019,480006089
5754,86020031000115,860200310
5760,86820009800028,868200098
5777,87909055300014,879090553
5798,86020031000131,860200310
5803,31996014200077,319960142
5816,43756411500024,437564115
5839,77983836601133,779838366
5849,13000548126460,130005481
5856,06250036800212,062500368
5871,48066338400034,480663384
5877,40872546300017,408725463
5893,77921770200025,779217702
5899,55208329700796,552083297
5907,44376011100015,443760111
5920,45330425500012,453304255
5924,32565471300586,325654713
5933,32958347000045,329583470
5939,37811411000265,378114110
5865,35157288800078,351572888
5785,43486182900035,434861829
5800,40471092300016,404710923
5840,08568004900575,085680049
5841,42482122100035,424821221
5869,41861949000018,418619490
5895,34843935700016,348439357
5902,38320309800025,383203098
5645,45314401600020,453144016
5712,39228566400018,392285664
5727,32464385700034,324643857
5747,83129781700023,831297817
5882,38431629500045,384316295
5892,48939023700027,489390237
5925,33821915700033,338219157
5945,77569201500685,775692015
5842,70378024700721,703780247
5860,48482926200050,484829262
8174,38508627700055,385086277
5603,49254460600014,492544606
5581,53896068300042,538960683
5588,48525752100024,485257521
5759,44227845300257,442278453
5781,48521838200011,485218382
7874,33832946900211,338329469
7708,45119332000012,451193320
7944,16002301600357,160023016
8197,44427567100139,444275671
8216,18650004700110,186500047
6710,41031537800019,410315378
6741,84203246800014,842032468
6719,77563924800019,775639248
6712,21660048600015,216600486
6740,32791945200034,327919452
6751,39886165800027,398861658
7018,88265086400011,882650864
7022,91991167700012,919911677
7025,49342401400022,493424014
7941,16002301600332,160023016
7365,33123325400050,331233254
7363,78013017514407,780130175
7225,42481025700065,424810257
7354,21670365200125,216703652
7235,39361676800015,393616768
7395,48469203300026,484692033
7357,75270515200052,752705152
7373,19753463900020,197534639
7375,82398295400039,823982954
7374,13000548125629,130005481
7252,41487921300018,414879213
7820,43865147300011,438651473
8203,26680003600011,266800036
7254,91632075700021,916320757
7255,18910006800031,189100068
7257,26680014300015,266800143
7237,41393577600117,413935776
6686,41390920100134,413909201
7659,53582052600155,535820526
7774,43227290400017,432272904
7260,25680209100031,256802091
7242,48296475600035,482964756
10221,81924991300016,819249913
798,19691479000015,196914790
8124,39866156100066,398661561
9382,77564828000284,775648280
9412,31906007501415,319060075
9678,41335656900017,413356569
10260,55208329702776,552083297
10346,49264595700035,492645957
9449,51346995700023,513469957
9987,77020169700065,770201697
9325,19692968100019,196929681
9369,77564828000789,775648280
9537,43299378000043,432993780
10199,34026901800123,340269018
10370,30985796900047,309857969
9094,33961065100103,339610651
9235,33142050500017,331420505
9385,77564828000045,775648280
10408,52836226200016,528362262
9302,44309406500317,443094065
9640,90890885800016,908908858
9059,44260141500015,442601415
9186,48193065900067,481930659
9564,43456885300031,434568853
9621,53470496000036,534704960
10156,30697942800050,306979428
10535,43012891800025,430128918
9217,50028663800282,500286638
9692,33989682100032,339896821
9932,90793438400013,907934384
10117,52097289400015,520972894
9301,44309406500259,443094065
10375,82424623500017,824246235
9467,97350050700023,973500507
9086,35880226200297,358802262
9040,49491229800028,494912298
9673,50474018400016,504740184
852,19690075700010,196900757
10343,84216812200021,842168122
9270,43362470700017,433624707
9523,38517668000036,385176680
10490,41145518100031,411455181
9375,77564828000615,775648280
9383,77564828000375,775648280
9042,79458061300022,794580613
9246,40316274600024,403162746
9594,79433953100012,794339531
9638,35221329200019,352213292
10368,42291080200020,422910802
10424,45123194800048,451231948
9222,42456289000030,424562890
9216,41020129700042,410201297
9381,77564828000664,775648280
9893,13000548103303,130005481
9902,21690244500016,216902445
9903,21690244500099,216902445
10217,33776386600023,337763866
9036,21690256900013,216902569
9208,97150286900037,971502869
9371,77564828000243,775648280
9476,79810113500027,798101135
9955,32762125600038,327621256
10012,81049516800025,810495168
10046,95752409300037,957524093
10243,53188879000015,531888790
10319,49319140700847,493191407
10369,48301594700011,483015947
10374,34217688000041,342176880
10379,95751685900056,957516859
863,19692343700012,196923437
9034,80915003000017,809150030
9109,35214040400018,352140404
9147,77563330801882,775633308
9160,42989163300118,429891633
9272,77975901800020,779759018
9370,77564828000441,775648280
9373,77564828000334,775648280
9377,77564828000367,775648280
9453,31548378400098,315483784
9618,37993326000042,379933260
9760,79844934400026,798449344
9773,51348700900237,513487009
9833,42482122100282,424821221
9937,48350937800087,483509378
10377,32565471300438,325654713
10473,51348700900229,513487009
10508,96650008400027,966500084
8371,42482122100399,424821221
9403,96250586300036,962505863
9446,43830385100028,438303851
9455,52367531200012,523675312
9543,52906632600032,529066326
9554,48060811600020,480608116
9705,78970386500012,789703865
9976,48104957500014,481049575
10258,55208329702107,552083297
10295,38223801200050,382238012
10380,84131310900016,841313109
9133,33256495400482,332564954
9200,58213743600090,582137436
9522,49992585700074,499925857
9890,43836812800049,438368128
9124,79798387100030,797983871
9563,79341104200013,793411042
9690,41255269700028,412552697
9847,34408301900085,344083019
10027,49069921200026,490699212
10524,31554738000024,315547380
9079,44386676900252,443866769
9379,77564828000300,775648280
9384,77564828000037,775648280
9481,39236472500029,392364725
10288,81021053400022,810210534
10293,43136403300040,431364033
9177,51348700900245,513487009
7665,47766972500020,477669725
9722,39933249300044,399332493
9951,30698602700028,306986027
808,19692335300011,196923353
8400,32765763100161,327657631
9115,51460911400012,514609114
9198,34458481800282,344584818
9386,77564828000383,775648280
9608,61850240500334,618502405
10132,50920450900020,509204509
10196,30546239200047,305462392
10456,97150121800095,971501218
10558,44513584100036,445135841
10564,40076409800044,400764098
9470,40448555900037,404485559
10474,51348700900203,513487009
9047,37888475300021,378884753
9471,42325592600036,423255926
9725,44067120400012,440671204
9727,88839286700014,888392867
9866,32412887500030,324128875
9894,13000548109367,130005481
9900,53222913500043,532229135
9961,44425170600065,444251706
10062,38769578600054,387695786
10174,80997788700011,809977887
10322,95039540000050,950395400
10366,49123704600017,491237046
10514,34392426200045,343924262
10553,48210660600031,482106606
10554,81531608800039,815316088
9024,80120886900017,801208869
9029,53039733000032,530397330
9035,99809601000017,998096010
9148,40777517000043,407775170
9156,49446855600035,494468556
9179,39236244800194,392362448
9256,31592089200066,315920892
9283,41080221900031,410802219
9372,77564828000698,775648280
9392,44033346600256,440333466
9487,83956776500012,839567765
9508,39235028600010,392350286
9513,79934530100011,799345301
9622,43500117700011,435001177
9664,44227845300141,442278453
9743,33482212900055,334822129
9751,95056441900089,950564419
9772,51348700900211,513487009
9901,13000548125371,130005481
9930,40328359100069,403283591
9978,34216267400044,342162674
10070,96950799500021,969507995
10220,33208823600051,332088236
10261,90246264700014,902462647
10305,49109817400064,491098174
10318,49319140700920,493191407
10406,44035243300021,440352433
10493,37811411001651,378114110
10525,37904780600037,379047806
9253,84443588300054,844435883
782,20003791900012,200037919
9121,34154211600015,341542116
9136,87974658400017,879746584
9189,66204244908934,662042449
9213,38060206000168,380602060
9613,40538108800054,405381088
9874,42093496000055,420934960
9889,45750469400375,457504694
10233,55208329702800,552083297
10237,55208329702578,552083297
796,20004697700019,200046977
939,17690001700011,176900017
9153,42895191700080,428951917
9181,66204244929203,662042449
9378,77564828000649,775648280
9434,80845710500035,808457105
9553,20003667100028,200036671
9579,82064008400019,820640084
9795,45245444000036,452454440
9942,42192774000025,421927740
787,19691662100010,196916621
9502,32794823800024,327948238
9771,51348700900476,513487009
10259,55208329700770,552083297
9091,77554402600856,775544026
9376,77564828000268,775648280
9936,79339220000028,793392200
9944,89192577800021,891925778
9261,43902420900124,439024209
9396,81865878300027,818658783
9447,43830385100010,438303851
9544,52906632600057,529066326
9892,82456490000028,824564900
9931,40328359100028,403283591
9941,80224239600017,802242396
10245,80346212600019,803462126
9044,52354089600025,523540896
9130,06250036800170,062500368
9374,77564828000631,775648280
9428,51478978300032,514789783
9769,48493722200020,484937222
9885,13000548119820,130005481
10007,77982683300039,779826833
10084,79012023200026,790120232
850,19692340300014,196923403
9178,66204244921101,662042449
9286,77982773200040,779827732
9321,19690042700010,196900427
9380,77564828000466,775648280
9661,44535938300079,445359383
10501,43756800900827,437568009
10502,50050141600118,500501416
10549,33999403000049,339994030
8070,40310211400044,403102114
9368,77564828000029,775648280
9486,40807693300022,408076933
9854,77983836600028,779838366
9995,50153758300038,501537583
10140,50019337000045,500193370
10148,43148826100022,431488261
10253,55208329702461,552083297
10409,80738974700021,807389747
10439,34314039800045,343140398
10536,39330413400041,393304134
10539,45351733600039,453517336
10542,50500966200030,505009662
177,21710059300011,217100593
8408,40513085700015,405130857
176,24710058900099,247100589
5237,72562075100026,725620751
5238,30930547200347,309305472
5239,30930547200040,309305472
5266,43821691300022,438216913
5284,79832895100016,798328951
5303,45269046400022,452690464
5318,48768583600016,487685836
5322,48074288100059,480742881
5332,13002256900243,130022569
5371,83132415700070,831324157
5390,41962807800059,419628078
5393,88836041900350,888360419
5395,51958513700010,519585137
5408,89025417000024,890254170
5440,55208329702180,552083297
5463,49113085200024,491130852
5479,35264550100276,352645501
5480,79945283400036,799452834
12117,53957326100036,539573261
12149,40494961200026,404949612
5254,30930547200362,309305472
5271,79789238700011,797892387
5285,21710118700011,217101187
5428,88531738800019,885317388
8789,21710132800011,217101328
8625,34343161500057,343431615
8635,47959947400026,479599474
8638,77857784100019,778577841
8657,77857784100050,778577841
8701,13000548123574,130005481
8738,82177227400014,821772274
8756,39972944100036,399729441
8771,84476976000027,844769760
8788,85060532000025,850605320
5274,31080928000053,310809280
5309,38883544900033,388835449
5472,81285822300033,812858223
5334,88248051000016,882480510
5467,34159064400025,341590644
5301,43334563400029,433345634
5414,45130803500026,451308035
5442,35406351300031,354063513
5310,50367761900051,503677619
12119,33022102900045,330221029
12156,41202919100068,412029191
12122,31727336500054,317273365
12124,37841772900035,378417729
12132,48768610700029,487686107
5451,42987804400032,429878044
5399,82431205200015,824312052
8626,21710306800011,217103068
8633,21710306800300,217103068
8656,41196616100068,411966161
8695,32697988700022,326979887
8726,81169721800014,811697218
8734,77861301800267,778613018
8761,32549466400031,325494664
8798,50952408800010,509524088
8799,40320028000028,403200280
8724,38150897700059,381508977
5296,33093011600075,330930116
5245,30930547200107,309305472
5246,30930547200099,309305472
5259,21710475100094,217104751
5298,80048618500013,800486185
8775,42373680000016,423736800
5432,45374260300039,453742603
8682,39211690100027,392116901
5417,43339684300024,433396843
5242,30930547200073,309305472
8163,37863632800031,378636328
8337,43365891100048,433658911
8382,07732004200037,077320042
8030,42227123900036,422271239
8383,21730063100017,217300631
7993,74712042600016,747120426
8434,78013017507070,780130175
8108,19730049400014,197300494
8336,13000548114540,130005481
8335,13000548125462,130005481
8361,45115327400027,451153274
8391,35245128000015,352451280
8420,71202124500303,712021245
8106,19730042900010,197300429
8327,49317015300024,493170153
3433,80056629100012,800566291
3024,42095050300029,420950503
3604,48932074700020,489320747
2903,80801677800033,808016778
3607,31752638200153,317526382
2700,32738670200010,327386702
2706,44427567100238,444275671
2753,48799937700012,487999377
3017,33750927700022,337509277
3180,85221946800018,852219468
3401,55208329701968,552083297
3505,35199716800031,351997168
3631,81199442500015,811994425
3452,51058635700020,510586357
3599,33485037700014,334850377
2696,45059705900044,450597059
2758,32616028000094,326160280
3110,53005257000039,530052570
3178,79862675000037,798626750
3249,45045880700341,450458807
3379,37986854000038,379868540
3645,84905726000010,849057260
3151,32650716700012,326507167
3123,52336487500022,523364875
2742,85142280800028,851422808
3034,91808934300019,918089343
3329,83119428700023,831194287
3562,40108646700024,401086467
3611,31778006201127,317780062
3659,90164838600018,901648386
3251,45045880700192,450458807
2695,35322917200047,353229172
3152,82895870200023,828958702
3614,34314039800037,343140398
3345,88460678100018,884606781
3635,37811411000174,378114110
3300,43471628800049,434716288
3253,45045880700267,450458807
3601,50923300300037,509233003
2727,43307085100038,433070851
3175,13000548105282,130005481
3632,79142645500022,791426455
3427,32702008700059,327020087
2807,71205236400023,712052364
2857,67980493000130,679804930
3211,40173358900022,401733589
3490,30296003400015,302960034
3047,31472073100053,314720731
3000,30852964300014,308529643
3352,48042966100030,480429661
3028,21740103300014,217401033
3328,49068243200011,490682432
2777,44315397800020,443153978
2933,21740105800011,217401058
3006,21740105800086,217401058
3681,80833926100022,808339261
3333,82095096200010,820950962
2843,35211019100025,352110191
3104,19740021100029,197400211
3426,55208329701752,552083297
3142,80862952100036,808629521
3206,26740006700018,267400067
3416,35313500700048,353135007
3288,75281178600017,752811786
2984,52447996100012,524479961
3252,45045880700150,450458807
3076,19740025200015,197400252
3376,32702008700042,327020087
3377,32702008700026,327020087
3573,21740138900010,217401389
3606,83101589600010,831015896
2955,31438855400011,314388554
2961,84057365300010,840573653
3605,31438855400029,314388554
2981,79588051700029,795880517
2936,78008490100039,780084901
3530,47972541800020,479725418
2901,95001119700023,950011197
2973,44410089500036,444100895
3016,34743701400066,347437014
3638,77554402601680,775544026
2845,39341438800040,393414388
3519,89762481300027,897624813
3580,34221636300040,342216363
2786,50437203800019,504372038
3275,77565469200067,775654692
3353,38525564100016,385255641
3356,34531036100018,345310361
3360,38285959300016,382859593
8015,21740200700017,217402007
3061,19740263900011,197402639
2852,33458172500010,334581725
2872,40258297700029,402582977
3325,83119428700015,831194287
2970,52376750700016,523767507
3011,79822110700021,798221107
2869,26740009100091,267400091
2916,38284132800042,382841328
3130,48782612500030,487826125
3457,75274008400021,752740084
2763,42440238600033,424402386
2716,50992573100036,509925731
3405,79945187700051,799451877
3459,44092494200038,440924942
2966,43352391700022,433523917
3144,77661275600036,776612756
3482,77661275600028,776612756
3108,19740036900017,197400369
3176,13000548119754,130005481
3320,44208074300010,442080743
2870,33190139700504,331901397
3250,45045880700200,450458807
3255,45045880700358,450458807
3040,21740263500015,217402635
3650,35360581900039,353605819
2787,60572063000033,605720630
2862,70378024700127,703780247
2963,84014766400014,840147664
3159,60562021000043,605620210
3435,30594545300044,305945453
3442,52354567100035,523545671
2736,08598035700090,085980357
2923,35022894600041,350228946
3092,19741488100015,197414881
3343,83104551300015,831045513
2893,38257702100159,382577021
2927,95001087600015,950010876
2825,40920575400024,409205754
2965,32803724700017,328037247
2971,79453892600013,794538926
3623,41269193300011,412691933
3640,79548016900015,795480169
2840,82189598400010,821895984
3093,19741341200010,197413412
3179,13000548124853,130005481
3430,32871228600058,328712286
3671,33977609800016,339776098
3675,30332448700113,303324487
2937,20006258600157,200062586
3170,26740017400012,267400174
3403,49368196900025,493681969
3055,83382784300024,833827843
3453,38199693300010,381996933
2939,32562037500023,325620375
2982,84407799000019,844077990
3417,37926432800012,379264328
3048,90125118100011,901251181
6880,13000548123699,130005481
6940,39434815500067,394348155
6900,19753463900038,197534639
6991,31239775500025,312397755
7013,50464769400018,504647694
6834,75328008000023,753280080
6914,18000001000017,180000010
6919,82259370300033,822593703
6901,43483133500105,434831335
6904,11000010600036,110000106
6947,38075780700041,380757807
6809,44132040500109,441320405
6839,49444794900046,494447949
6965,39139922700035,391399227
6821,88020236100023,880202361
6934,37934355100030,379343551
6898,95155503600023,951555036
6950,33111876000015,331118760
6881,78439607900054,784396079
6912,38622012300114,386220123
6897,95155045800024,951550458
7016,20008210500913,200082105
6845,50215568200052,502155682
6995,32148595500033,321485955
6967,78435874900033,784358749
6830,80884349400028,808843494
7279,75750102800158,757501028
7318,52119114800027,521191148
7282,92269992100016,922699921
7853,31839547200042,318395472
7860,43281165100053,432811651
7870,78816022400143,788160224
4112,42155612700056,421556127
12063,50943019500040,509430195
11756,30621552600030,306215526
11773,43344829700021,433448297
11787,36650067600056,366500676
11814,17760231500018,177602315
11830,26760092200020,267600922
11847,41007217700067,410072177
11854,81811469600011,818114696
11861,77570105500037,775701055
11865,53454011700015,534540117
11886,42972676300056,429726763
11901,07565021800458,075650218
11906,07565021800615,075650218
11908,47983403800040,479834038
11919,39163512500019,391635125
11924,41289057600041,412890576
11935,49356453800012,493564538
11958,41137153700019,411371537
12014,78106587500028,781065875
12015,53790848500023,537908485
12024,88325210800013,883252108
12029,88273066600014,882730666
12054,85083312000015,850833120
12060,31335126400269,313351264
12065,83041420700035,830414207
12070,39199818400017,391998184
12071,44397689900031,443976899
12087,44083886000078,440838860
12090,31201082000040,312010820
12093,41063462000190,410634620
12096,38317478600020,383174786
14303,42426428100405,424264281
14311,35282361100046,352823611
14318,52787573600011,527875736
11826,26760092200202,267600922
11824,26760092200228,267600922
11828,26760092200053,267600922
11838,35282361100061,352823611
11853,41464442700034,414644427
11885,45072548600069,450725486
11898,50069787500028,500697875
11927,53210236500014,532102365
11931,81849488200017,818494882
12022,53970599600012,539705996
11990,82918841600012,829188416
11805,52922174900128,529221749
11846,55214081600331,552140816
11975,54207095800039,542070958
7327,38325260800120,383252608
11764,39311803900683,393118039
11808,38257702100142,382577021
7271,39929299400759,399292994
7286,53409249900050,534092499
7290,13000548126031,130005481
7311,38442547600841,384425476
7323,89182630700011,891826307
7273,57202862900226,572028629
7289,13000548101059,130005481
7322,43146247200058,431462472
7333,38448288100016,384482881
11952,82371692300011,823716923
11749,84785582200015,847855822
11810,35096001900023,350960019
11902,38174849000053,381748490
11754,32902163800179,329021638
11849,52412887300030,524128873
12113,44495889600011,444958896
78,21760711800015,217607118
15075,80845190000019,808451900
8052,66204244943394,662042449
14586,75134833500033,751348335
14677,42372062200061,423720622
14849,53980820400033,539808204
15216,82451238800037,824512388
15307,66204244929757,662042449
15431,77567089600023,775670896
15409,49806632300052,498066323
14761,41058248000019,410582480
396,19771993300016,197719933
14696,48420557000019,484205570
14877,53099474800024,530994748
15121,13000548116859,130005481
15214,51127292400024,511272924
15284,52513708900013,525137089
15287,48853075900312,488530759
15301,83241602800013,832416028
15406,82415273000019,824152730
15471,53469696800013,534696968
15512,32788077900035,327880779
354,19772226700014,197722267
14440,32502073300052,325020733
14539,66204244943402,662042449
14894,48143229200045,481432292
15143,30340961900226,303409619
14462,33996190600049,339961906
15525,39227884200076,392278842
271,19771357100010,197713571
15118,21770079800010,217700798
906,13000373400014,130003734
15497,35097946400020,350979464
15535,30822106800023,308221068
15310,32330009500045,323300095
388,19770010700018,197700107
14900,51995580100013,519955801
14503,38263978900017,382639789
15343,35170529800070,351705298
288,19772276200014,197722762
406,19771759800019,197717598
15210,81909180200010,819091802
15387,32565471300321,325654713
345,20000962900011,200009629
14506,91900239400014,919002394
14561,81824733000017,818247330
15456,89357306300011,893573063
15485,37783918800036,377839188
15510,75188876900062,751888769
275,52862934800012,528629348
15181,83191193800015,831911938
526,21770123400023,217701234
527,21770123400015,217701234
15042,35006338400316,350063384
15325,49319140700516,493191407
15371,83218894000023,832188940
14853,49324850400026,493248504
14935,34069717600139,340697176
15150,32543762200013,325437622
15473,31778006201515,317780062
14869,39914593700021,399145937
14766,80137119600024,801371196
14782,49756698400025,497566984
14545,50157698700033,501576987
14650,50519066000025,505190660
14725,44363455500025,443634555
298,19771027000012,197710270
434,19771476900019,197714769
14399,49071162900017,490711629
14855,63204187700077,632041877
14651,37856904000041,378569040
15209,45387794600054,453877946
14327,42933981500020,429339815
391,19771361300010,197713613
15203,38326679800024,383266798
14496,39506109600040,395061096
15101,67980493000098,679804930
15264,48879126000018,488791260
15528,67820397700049,678203977
15020,90030808100018,900308081
15120,13000548107916,130005481
15313,90030808100026,900308081
380,19770928000014,197709280
14489,31573420200320,315734202
15053,84934910500015,849349105
15408,69205111300300,692051113
14563,32307791700041,323077917
14948,75338269600023,753382696
14615,38536211600027,385362116
14365,55200093700052,552000937
14386,44131356600032,441313566
14568,50966321700040,509663217
14693,40901431300038,409014313
14896,38799687900012,387996879
15162,21770215800015,217702158
15565,40941898500027,409418985
14572,75050467200023,750504672
14957,25770297700022,257702977
14473,21770237200012,217702372
15228,30558703200023,305587032
15255,55208329701026,552083297
14583,82807831100010,828078311
14622,42372062200053,423720622
14623,42498265000329,424982650
14659,49103852700033,491038527
15179,80315687600036,803156876
15315,50367642100038,503676421
15383,42898269800022,428982698
14603,32752971500044,327529715
15224,24770039600010,247700396
15515,85115661200018,851156612
14826,85298969800026,852989698
15331,50453565900024,504535659
290,19772228300011,197722283
366,19770030500018,197700305
14881,49078985600021,490789856
14367,53936540300010,539365403
14564,38148229800035,381482298
14840,38245035100012,382450351
14921,17770001000099,177700010
15122,13000548118590,130005481
15570,77568109100135,775681091
9,17770001000016,177700010
14588,38150541100029,381505411
14736,32683546900049,326835469
14435,37818678700024,378186787
14611,61592018800104,615920188
14649,73820526901445,738205269
14691,54292008700054,542920087
15003,39987814900034,399878149
15180,44226591400030,442265914
15303,42971472800020,429714728
14678,53860325900028,538603259
15123,13000548125801,130005481
15360,33120439600203,331204396
14647,85302551800012,853025518
14858,82382954400035,823829544
14398,20007303900014,200073039
15018,50795959100029,507959591
15177,50009712600022,500097126
15401,44801420900028,448014209
15463,77567216500419,775672165
15505,37811411002584,378114110
15554,38371583600037,383715836
364,19771620200019,197716202
14562,34323414200390,343234142
15509,78500313800241,785003138
278,51181102800014,511811028
14479,21770333900135,217703339
14497,21770333900093,217703339
14712,40318469000028,403184690
14861,43152278800014,431522788
15567,52440926500013,524409265
14599,57210489103355,572104891
14908,97120259300044,971202593
14940,33129259900072,331292599
14674,97632030900454,976320309
386,19771419900019,197714199
14532,44878634300104,448786343
15058,78500313800142,785003138
15110,70708002400037,707080024
14785,80770250100022,807702501
14815,33533999000038,335339990
14859,33144388700087,331443887
15184,30223664100049,302236641
14512,41396735700026,413967357
14630,53089096100036,530890961
14771,30968762200022,309687622
14748,40128172000037,401281720
14634,78500313800019,785003138
14438,31983466900040,319834669
15111,70708002400144,707080024
8396,39980202400022,399802024
14749,47974954100013,479749541
15566,49217159000028,492171590
15148,41396735700018,413967357
15109,70708002400185,707080024
14839,38245035100038,382450351
15131,31256058401382,312560584
15141,57210489103652,572104891
15482,49149878800042,491498788
15266,57200960300034,572009603
15289,91900299800012,919002998
15352,85017927600017,850179276
14352,49832550500028,498325505
447,19771655800014,197716558
15022,50738485700011,507384857
15119,13000548100762,130005481
15538,38386377600035,383863776
14510,95055787600048,950557876
14738,58204585200024,582045852
14774,39181176700022,391811767
15069,72080134900492,720801349
305,19770945400015,197709454
15531,75246664900015,752466649
367,19771365400014,197713654
14409,39808379000012,398083790
15381,50926602900016,509266029
15569,77568109100044,775681091
14692,41483729400068,414837294
14982,48259556800023,482595568
15049,39811044505217,398110445
14389,48050101400017,480501014
14484,32799938900049,327999389
14708,33784962400016,337849624
15104,38312813900045,383128139
14591,31081776200019,310817762
15240,57208825000020,572088250
7957,58200574000086,582005740
7961,40254836600168,402548366
7775,21780090300015,217800903
7815,21780146300019,217801463
15796,39899032500027,398990325
16118,39324819000026,393248190
16766,74712042600032,747120426
8380,40254836600010,402548366
6315,44451198400031,444511984
7888,58213743600025,582137436
6332,35058939600166,350589396
8387,62985730100499,629857301
15735,24780058400036,247800584
16055,26780173600021,267801736
16164,51022743200059,510227432
7851,32121439700069,321214397
3730,41904254400173,419042544
4065,78058910700017,780589107
4068,19800063000014,198000630
4124,08568004900997,085680049
4009,32910753600016,329107536
4236,20002548400037,200025484
4245,21800011500012,218000115
4037,48311521800024,483115218
4079,19800007700018,198000077
26,26800014800018,268000148
54,24800053100173,248000531
61,51790081700019,517900817
70,24800053100124,248000531
891,40039706300019,400397063
932,17800430500169,178004305
3963,81008837700017,810088377
3983,30812792700058,308127927
3989,50942110300045,509421103
4038,80099050900013,800990509
4072,19801700600018,198017006
4107,31514374300310,315143743
4153,81305911000029,813059110
4171,90507570100029,905075701
4188,64172029700028,641720297
4191,53362467200028,533624672
4192,51049900700068,510499007
4268,39116596600014,391165966
4276,44065624700101,440656247
4305,31127549900060,311275499
4139,75361467600058,753614676
4019,38805030400020,388050304
4151,44313297200045,443132972
4215,49319140701019,493191407
3775,34323414200077,343234142
3933,44078775200029,440787752
4247,54172025600018,541720256
3859,78062659400011,780626594
4004,50791155000014,507911550
3973,56205369400088,562053694
4284,79973831500123,799738315
3753,42874890900077,428748909
3808,41826749800024,418267498
3917,52186165800016,521861658
3923,44125473700022,441254737
4026,89755110700013,897551107
4142,63203998800100,632039988
4237,80151139500031,801511395
4128,13000548107452,130005481
4150,44313297200037,443132972
3769,74555011100249,745550111
4172,48242658200037,482426582
3726,80253694600014,802536946
3762,30529100700014,305291007
3994,39980202400139,399802024
4100,31514374300401,315143743
4041,26800012200013,268000122
62,21800353100017,218003531
3772,80806766400025,808067664
3870,38228526002087,382285260
4045,31291264500024,312912645
4311,53791542300033,537915423
73,83174519500014,831745195
4001,80193475300014,801934753
4046,37922923000014,379229230
3768,77568849200237,775688492
4327,66558007200288,665580072
65,20007097700018,200070977
4101,31514374300385,315143743
4249,26800012200070,268000122
4167,43845878800025,438458788
3888,43280973900019,432809739
4170,44288801200196,442888012
3763,31159383400055,311593834
3873,38869820100869,388698201
3974,56205369400104,562053694
4086,78066005600018,780660056
4157,38769930900010,387699309
4244,75222134100023,752221341
4330,53017250100039,530172501
3990,20002548400151,200025484
4252,20002548400128,200025484
4253,20002548400169,200025484
4254,20002548400177,200025484
4256,20002548400102,200025484
4207,34946122800026,349461228
4017,57204950000125,572049500
4062,66558007200221,665580072
3816,20004030100091,200040301
3742,44132040500091,441320405
4145,37843606700011,378436067
4267,48372917400019,483729174
4238,77571147600041,775711476
3972,56205369400138,562053694
4220,40482406200040,404824062
4306,39802169100033,398021691
3976,21800774800013,218007748
6772,34458660700048,344586607
6753,38449107200078,384491072
6764,75149519300029,751495193
7408,58213743600124,582137436
7786,75065082200018,750650822
7415,13000548119564,130005481
7416,13000548126270,130005481
7417,13000548123228,130005481
7425,90536462600010,905364626
7404,31278616300013,312786163
6007,51825697900015,518256979
6011,78285946600073,782859466
7664,30154985300051,301549853
6004,39112837800026,391128378
7568,33966121700010,339661217
7589,83830914400015,838309144
7580,39924146200056,399241462
7587,32097714300033,320977143
7559,44965372400053,449653724
7520,26850012100044,268500121
10741,42033740400016,420337404
10584,43829303700083,438293037
10615,42505055602492,425050556
10697,44437909300016,444379093
5489,82652013200026,826520132
5490,43477942700039,434779427
5499,39102766100050,391027661
5515,39264070200024,392640702
10581,34323414200721,343234142
10701,79784035200026,797840352
10708,83187910100028,831879101
10574,42301000800013,423010008
10694,52205914600020,522059146
5514,79784035200018,797840352
8183,79445574100015,794455741
10569,30733663600021,307336636
10573,30327375900157,303273759
10578,44386676900195,443866769
10593,57210489103736,572104891
10598,91772663000010,917726630
10624,51493325800014,514933258
10632,30432689500055,304326895
10634,49098556100011,490985561
10635,79204703700363,792047037
10648,42473713800059,424737138
10651,18860003500037,188600035
10677,35264550100300,352645501
10680,20002940300017,200029403
10686,30629266500016,306292665
10742,19860048800011,198600488
8115,50916746600028,509167466
10678,35054222100022,350542221
10717,48132513200027,481325132
10749,32837581100069,328375811
6433,40890191600044,408901916
6437,52964186200022,529641862
6460,31591967000069,315919670
6511,41390920100175,413909201
6003,48021250500030,480212505
7605,42592021200015,425920212
7608,13000548124093,130005481
7613,56207723000026,562077230
7350,48021250500055,480212505
7621,81950215400027,819502154
15748,49971814600032,499718146
8016,21910044300064,219100443
776,21910103700014,219101037
15654,51107038500022,511070385
16110,32130424800024,321304248
16327,13000548100192,130005481
16376,88836041900392,888360419
16778,37811411001719,378114110
8825,38235378700056,382353787
8929,32514966400030,325149664
8979,34172431800074,341724318
8969,40807360900039,408073609
500,21910174800503,219101748
501,21910174800016,219101748
747,21910174800024,219101748
14213,77573706700063,775737067
14276,75202908200050,752029082
14293,31778006200905,317780062
14242,30490056600049,304900566
8919,50383643900029,503836439
14226,82077657300033,820776573
14248,33824171400017,338241714
14265,13000548121727,130005481
14269,89456543100109,894565431
14292,77567216500294,775672165
14245,34743701400033,347437014
14258,21910340500128,219103405
14259,40276700800020,402767008
14274,35403882000362,354038820
14281,30480114500059,304801145
8860,48090873000082,480908730
8946,43939553400027,439395534
8993,82075281400013,820752814
8851,49325464300023,493254643
8105,81986927200024,819869272
8395,56206527601419,562065276
8827,34877295500178,348772955
8854,38952482800057,389524828
14228,48082036400028,480820364
8975,31826529500010,318265295
8987,80813757400014,808137574
8850,51797565200028,517975652
8900,35089064600036,350890646
8952,48201648200036,482016482
8025,21910433800013,219104338
8823,81103488300041,811034883
770,21910494000016,219104940
15856,33886477000080,338864770
16589,49319140700318,493191407
497,26910101000057,269101010
15977,48320564700033,483205647
16011,19910869700012,199108697
16585,31903230600015,319032306
16663,35001154000027,350011540
16806,81121168900021,811211689
15662,41303386100027,413033861
8142,32357657900102,323576579
15765,82787443900017,827874439
16623,50995147100010,509951471
14375,39004956700048,390049567
14710,79425670100028,794256701
15341,34774011000056,347740110
14528,79827368600021,798273686
14752,50997999300029,509979993
14885,49840960600031,498409606
15328,45359821100044,453598211
16069,41813154600024,418131546
14203,21910659800036,219106598
14204,21910659800051,219106598
14267,21910659800010,219106598
8849,44352703100019,443527031
8880,42867279400180,428672794
8915,44007684200036,440076842
8943,47801632200024,478016322
8955,50943381900042,509433819
9000,44446945600016,444469456
9002,50286119800039,502861198
8829,20006232100019,200062321
8861,42177020700023,421770207
8980,44139000200042,441390002
772,21910685300019,219106853
15843,78948022500034,789480225
16840,39950747400027,399507474
8828,51352504800023,513525048
8833,53854090700010,538540907
8885,19911492700015,199114927
8888,77572023800226,775720238
8891,21910692900017,219106929
8892,21910692900322,219106929
8896,13000548123392,130005481
8941,60980139400121,609801394
8989,37811411001685,378114110
15968,49320563700025,493205637
16415,34925706300033,349257063
16539,55208329700333,552083297
16767,40210390700034,402103907
16414,89215119200010,892151192
16561,55208329702487,552083297
15582,43493040000040,434930400
15882,39112837800059,391128378
15986,44949116600061,449491166
16504,55208329700366,552083297
16540,55208329700341,552083297
16522,55208329700358,552083297
16500,34952716800018,349527168
16756,78532701600016,785327016
15817,82055654600027,820556546
16317,13000548126304,130005481
16654,55211033000024,552110330
15785,57201419900408,572014199
15786,43503922700036,435039227
15816,39236244800236,392362448
15821,50149814100040,501498141
16306,13000548105266,130005481
16607,40419652900295,404196529
8168,42984085300064,429840853
8249,38416992600027,384169926
15598,82198087700020,821980877
16501,55208329700978,552083297
8322,68203089500861,682030895
15791,50962899600019,509628996
16091,80389525900023,803895259
16314,13000548122253,130005481
16443,50915976000032,509159760
16730,31778006201473,317780062
16460,90203688800011,902036888
15812,58202622500075,582026225
16312,13000548115943,130005481
16836,72203012900034,722030129
16583,44175040300020,441750403
16832,38444193700032,384441937
15751,34949617401607,349496174
15860,78013017500620,780130175
16153,44380197200052,443801972
16255,31486631000084,314866310
16285,34513066000243,345130660
16286,57215431800081,572154318
16518,55208329700242,552083297
16631,68200129200031,682001292
16697,57219767100058,572197671
16716,43267383800020,432673838
16769,35058939600141,350589396
8447,57202025300041,572020253
16154,48067597400038,480675974
16361,37899289501456,378992895
16446,57213616600012,572136166
16550,55208329700291,552083297
16707,31805400400011,318054004
15871,57202804100430,572028041
16444,52977758300046,529777583
15899,44411991100022,444119911
16274,69980015700025,699800157
15676,72205204000051,722052040
15967,52908018600032,529080186
928,13000038300013,130000383
8242,61203967700077,612039677
15978,48320564700058,483205647
8121,42302383700036,423023837
15629,79455600100012,794556001
16368,42984085300072,429840853
16503,55208329702206,552083297
15754,53422297100101,534222971
16535,32633316800051,326333168
16808,42867279400172,428672794
16838,81984392100019,819843921
16868,43260949300023,432609493
15948,33397711400045,333977114
16424,43224883900024,432248839
15752,34949617401672,349496174
16318,13000548123384,130005481
16489,60206341400067,602063414
16793,78558352700045,785583527
8264,41267009300068,412670093
487,21930027400012,219300274
15909,56208947400034,562089474
16188,21930027400103,219300274
16189,21930027400426,219300274
16190,19931188700012,199311887
16191,21930027400301,219300274
16309,13000548108179,130005481
15945,83357585500014,833575855
16507,55208329702016,552083297
16775,18940004700438,189400047
15771,54207928000039,542079280
15776,37993086000034,379930860
16003,71206271000041,712062710
16326,13000548107684,130005481
16490,38162728000039,381627280
16517,55208329702057,552083297
16533,81454189200075,814541892
15906,19931565600017,199315656
16308,13000548108211,130005481
16664,48949081300040,489490813
329,42984085300056,429840853
16138,19930134200010,199301342
16425,77567648900666,775676489
16237,21930057100243,219300571
16238,21930057100029,219300571
16239,21930057100128,219300571
16240,21930057100144,219300571
16241,21930057100011,219300571
15987,81992011700036,819920117
16187,21930059700016,219300597
16858,64201180300029,642011803
15924,75175619800014,751756198
16316,13000548121057,130005481
16408,31114643500061,311146435
16786,44061795900018,440617959
16847,34864290100022,348642901
8003,42984085300049,429840853
15749,34949617401995,349496174
15907,18000001000033,180000010
16043,53791575300033,537915753
16315,13000548107676,130005481
16405,42361533500027,423615335
16667,32385891000025,323858910
15643,11000044500020,110000445
762,21930070400018,219300704
16313,13000548108229,130005481
15963,81414010900020,814140109
16311,13000548125751,130005481
15608,51840030400011,518400304
15734,48840184500026,488401845
16324,38442547600882,384425476
8131,77570267300069,775702673
16562,43974961500027,439749615
16839,35408025100060,354080251
16657,48875532300018,488755323
15958,83352277400029,833522774
16296,38120228200129,381202282
12698,50123306800011,501233068
12699,38098660400037,380986604
12700,31682559500036,316825595
12726,42298664600020,422986646
12736,44951047800059,449510478
12737,31115920600045,311159206
12741,06850062800067,068500628
12747,44832514200017,448325142
12754,78984891800015,789848918
12764,48395229700016,483952297
12774,30118845400013,301188454
12796,06580124300257,065801243
12817,41278894500035,412788945
12821,39909847400030,399098474
12840,49337281700012,493372817
12862,03632025700037,036320257
12869,65202995000027,652029950
12876,57218200400018,572182004
12887,45217884100022,452178841
12888,45141145800040,451411458
12889,48917201500013,489172015
12906,86620054600095,866200546
12925,74200165400018,742001654
12927,91099158700015,910991587
12929,39361028200021,393610282
12933,81998809800029,819988098
12940,31346819100033,313468191
12941,79274210800022,792742108
12944,73203287500013,732032875
12951,97022473900023,970224739
16450,87904725600026,879047256
15750,34949617402316,349496174
15815,58213743600074,582137436
15880,33914326500041,339143265
16288,38120228200012,381202282
16515,81832692800012,818326928
16799,40111545600022,401115456
16824,34081848300018,340818483
16827,88013808600017,880138086
16310,13000548107643,130005481
16872,84104790500028,841047905
15831,32262473500039,322624735
16117,43812487700046,438124877
16423,41433413600036,414334136
16454,43824155600010,438241556
16081,88251156100020,882511561
16674,61203477700021,612034777
16357,79365008600044,793650086
480,21940048800017,219400488
16859,77568109100028,775681091
12694,77569394800090,775693948
12706,64205319300099,642053193
12768,55213904000018,552139040
12769,42862169200014,428621692
12772,50536204600011,505362046
12804,52525469400017,525254694
12818,50763130700026,507631307
12829,49839108500020,498391085
12830,53842546300048,538425463
12849,44791543000022,447915430
12851,42319079200030,423190792
12861,72207037200049,722070372
12867,39745657500026,397456575
12881,55213904000026,552139040
12893,48971897300014,489718973
12902,31657992900019,316579929
12905,34505114800061,345051148
12913,41381193600041,413811936
12958,59204192500054,592041925
15714,41279019800037,412790198
15795,31946812000120,319468120
15901,56204705000322,562047050
15850,78577264100011,785772641
16542,55208329701109,552083297
15914,43782738900051,437827389
16506,55208329701083,552083297
16617,32932386900027,329323869
16247,40030727800012,400307278
16541,55208329701091,552083297
15691,55208172100011,552081721
16061,48307245000032,483072450
15803,77812868600111,778128686
15689,83260621400035,832606214
15792,84455775100014,844557751
6327,52140291700046,521402917
7733,32516668400069,325166684
5868,44945322400023,449453224
8330,33028214600050,330282146
6895,13002381500017,130023815
12089,31201082000172,312010820
5513,50505748900013,505057489
12701,42871487700019,428714877
12920,38449107200045,384491072
