selection_ordinal,query_id,label_kind,ground_truth_siret,reliability,predicted_siret,acceptor_score,decision,prediction_correct,auto_error,error_family,evidence_url
1,10958,MATCH_EXACT,58268078100496,HIGH,58268078100496,0.983855546,REVIEW,True,False,CURRENT_SIRET_AFTER_TRANSFER,https://annuaire-entreprises.data.gouv.fr/entreprise/582680781
2,10683,MATCH_EXACT,34486933400112,HIGH,34486933400112,0.998901606,AUTO_MATCH,True,False,MULTISITE_NAME_ADDRESS_EXACT,https://www.groupevinet.fr/rgpd
3,10713,MATCH_EXACT,82418653000021,HIGH,82418653000021,0.443876207,REVIEW,True,False,MULTISITE_BRANCH,https://www.ors-na.org/contact/
4,16028,MATCH_EXACT,41266854300108,HIGH,41266854300108,0.308302075,REVIEW,True,False,COLOCATED_NAME_EXACT,https://annuaire-entreprises.data.gouv.fr/entreprise/412668543
5,fresh:FR027885,MATCH_EXACT,66204244942701,MEDIUM,66204244942701,0.956999958,REVIEW,True,False,LARGE_NETWORK_SIRET_COLLISION,https://fr.kompass.com/c/bnp-paribas/fra01ctgp/
6,16700,MATCH_EXACT,78461733400098,HIGH,88252490300011,0.895376325,REVIEW,False,False,MULTISITE_BRANCH,https://annuaire-entreprises.data.gouv.fr/entreprise/784617334
7,9370,MATCH_EXACT,78015368000076,HIGH,78015368000076,0.999421239,AUTO_MATCH,True,False,MARKET_COLOCATION_NAME_EXACT,https://www.pappers.fr/entreprise/primeurs-du-sud-est-780153680
8,10614,MATCH_EXACT,41107057600037,HIGH,41107057600037,0.456313282,REVIEW,True,False,BRAND_LEGALNAME_COLOCATED_HOLDING,https://www.pappers.fr/entreprise/sas-poitou-adhesifs-411070576
9,10251,MATCH_EXACT,82875878900022,HIGH,82875878900022,0.992829144,REVIEW,True,False,MARKET_COLOCATION_CURRENT_SIRET,https://api-avis-situation-sirene.insee.fr/identification/pdf/82875878900022
10,fresh:FR010135,MATCH_EXACT,32156241500083,HIGH,32156241500083,0.950179696,REVIEW,True,False,ADJACENT_SAME_SIREN_SITES,https://www.pappers.fr/entreprise/novances-321562415
11,15253,MATCH_EXACT,78497191300438,HIGH,78497191300438,0.671338916,REVIEW,True,False,MULTI_SITE_EXACT_ADDRESS,https://annuaire-entreprises.data.gouv.fr/etablissement/78497191300438
12,11778,MATCH_EXACT,48887534500024,HIGH,48887534500024,0.0511907153,REVIEW,True,False,EXACT_NAME_ADDRESS,https://api-avis-situation-sirene.insee.fr/identification/pdf/48887534500024
13,10242,MATCH_EXACT,44516442900034,HIGH,44516442900034,0.362222075,REVIEW,True,False,EXACT_NAME_ADDRESS,https://annuaire-entreprises.data.gouv.fr/entreprise/445164429
14,11201,MATCH_EXACT,85318202000018,HIGH,85318202000018,0.865950525,REVIEW,True,False,SUCCESSOR_ENTITY_DISAMBIGUATED,https://www.compufirst.com/mentions-legales
15,9500,MATCH_EXACT,53166299700059,HIGH,53166299700059,0.997926354,AUTO_MATCH,True,False,COLOCATED_ENTITY_RESOLVED_BY_NAME,https://www.pappers.fr/entreprise/imapole-531662997
16,12605,MATCH_EXACT,80863414100242,HIGH,77568013500701,0.213765234,REVIEW,False,False,MULTI_SITE_EXACT_ADDRESS,https://www.promotrans.fr/wp-content/uploads/2024/06/PROMOTRANS-FPC_Certificat-RNQ_2024-2027.pdf
17,13181,AMBIGUOUS,,MEDIUM,77569201500537,0.0590285845,REVIEW,False,False,COLOCATED_MULTIPLE_ACTIVE_SIRETS,https://www.pappers.fr/entreprise/aft-775692015
18,9711,MATCH_EXACT,52407399600026,HIGH,52407399600026,0.978399575,REVIEW,True,False,ACTIVE_REGISTRY_WITH_PROCEDURE,https://annuaire-entreprises.data.gouv.fr/etablissement/52407399600026
19,fresh:AC009634,MATCH_EXACT,31148234300028,MEDIUM,38280089400026,0.94851011,REVIEW,False,False,UNREGISTERED_OR_STALE_BRANCH_ADDRESS,https://www.pappers.fr/entreprise/somudimec-311482343
20,15828,MATCH_EXACT,52503152201273,HIGH,52503152201273,0.988713145,REVIEW,True,False,MULTI_SITE_EXACT_ADDRESS,https://www.fidal.com/nos-implantations/paris/versailles
21,13273,MATCH_EXACT,48377254700038,HIGH,48377254700038,0.998553813,AUTO_MATCH,True,False,EXACT_NAME_ADDRESS,https://www.societe.com/societe/ginger-minds-483772547.html
22,12237,MATCH_EXACT,42156896500139,MEDIUM,84797861600013,0.941155434,REVIEW,False,False,STALE_ADDRESS_TRANSFER,https://www.oxya.com/contact/france/
23,14809,MATCH_EXACT,44532059100032,HIGH,44532059100032,0.999036193,AUTO_MATCH,True,False,EXACT_NAME_ADDRESS,https://www.pappers.fr/entreprise/ebene-tradition-445320591
24,10912,AMBIGUOUS,,HIGH,82422814201148,0.992018282,REVIEW,False,False,COLOCATED_GROUP_ENTITIES,https://api-avis-situation-sirene.insee.fr/identification/pdf/82436343600778
25,15341,MATCH_EXACT,50926602900016,HIGH,50926602900016,0.92481941,REVIEW,True,False,ABBREVIATED_LEGAL_NAME,https://entreprises.lefigaro.fr/axe-architecture-industrielle-et-cial-77/entreprise-509266029
26,fresh:FR031301,MATCH_EXACT,38396517500136,HIGH,38396517500136,0.992865801,REVIEW,True,False,COLOCATION_DISAMBIGUATED_BY_EXACT_NAME,https://www.pappers.fr/entreprise/tiffany-co-383965175/comptes/TIFFANY%20%26%20CO%20-%20Comptes%20sociaux%202024%2023-07-2025.pdf
27,15182,MATCH_EXACT,78497191300222,HIGH,78497191300222,0.996594489,AUTO_MATCH,True,False,COMPOUND_ADDRESS,https://www.adapei77.org/etablissements/la-marguette/4/
28,10567,MATCH_EXACT,30540504500132,HIGH,30540504500132,0.32074362,REVIEW,True,False,EXACT_SITE,https://catalogue-apprentissage.intercariforef.org/formation/116787P01113054050450013230540504500132-86194%23L01
29,12428,MATCH_EXACT,34738457000573,HIGH,34738457000664,0.166302353,REVIEW,False,False,EXACT_BRAND_ADDRESS,https://annuaire-entreprises.data.gouv.fr/entreprise/347384570
30,fresh:AC004247,MATCH_EXACT,84268431800020,HIGH,84268431800020,0.994037986,REVIEW,True,False,COLOCATION_DISAMBIGUATED_BY_EXACT_NAME,https://www.pappers.fr/entreprise/tp2i-842684318
