selection_ordinal,query_id,predicted_siret_baseline,top1_correct_baseline,predicted_siret,top1_correct_candidate,truth_in_pool,ground_truth_siret,error_family,cohort,crm_name,crm_address,crm_postcode,crm_city,ground_truth_siren,predicted_siren,error_level,predicted_candidate_siret,truth_candidate_siret,predicted_denomination_unite_legale,truth_denomination_unite_legale,predicted_sirene_enseigne1,truth_sirene_enseigne1,predicted_sirene_denomination_usuelle,truth_sirene_denomination_usuelle,predicted_address_full,truth_address_full,predicted_postcode,truth_postcode,predicted_city,truth_city,predicted_etablissement_siege,truth_etablissement_siege,predicted_etat_administratif,truth_etat_administratif,predicted_activite_principale,truth_activite_principale,predicted_date_creation,truth_date_creation,predicted_date_debut,truth_date_debut,predicted_retrieval_rank,truth_retrieval_rank,predicted_name_jaro_max,truth_name_jaro_max,predicted_name_token_overlap_max,truth_name_token_overlap_max,predicted_idf_name,truth_idf_name,predicted_name_sim_max_etab,truth_name_sim_max_etab,predicted_name_sim_max_ul,truth_name_sim_max_ul,predicted_name_sim_max_sigle,truth_name_sim_max_sigle,predicted_addr_jaro,truth_addr_jaro,predicted_postcode_match,truth_postcode_match,predicted_city_match,truth_city_match,predicted_street_number_diff,truth_street_number_diff,predicted_addr_token_overlap,truth_addr_token_overlap,predicted_street_name_jaro,truth_street_name_jaro,predicted_name_addr_consistency,truth_name_addr_consistency,predicted_is_siege,truth_is_siege,predicted_is_association,truth_is_association,predicted_geo_exact_match,truth_geo_exact_match,predicted_name_norm_exact,truth_name_norm_exact,predicted_street_number_match,truth_street_number_match
1,9675,50530398200027,False,50530398200027,False,True,38888534500032,ADJUDICATED_REVIEW,R30,INLOG,53 RUE DE L?ETANG,69760,LIMONEST,388885345,505303982,WRONG_SIREN,50530398200027,38888534500032,INLOG HOLDINGS FRANCE SAS,IN LOG,,,,,53 RUE DE L'ETANG,53 RUE DE L'ETANG,69760,69760,LIMONEST,LIMONEST,True,True,A,A,64.20Z,62.02A,2015-07-01,1998-12-14,2015-07-01,2014-12-02,2,1,0.8476190567016602,0.9555555582046509,0.3333333432674408,0.0,8.092158317565918,0.0,0.5809524059295654,0.5809524059295654,0.8476190567016602,0.9555555582046509,0.0,0.0,0.9764705896377563,0.9764705896377563,1.0,1.0,1.0,1.0,0.0,0.0,0.6000000238418579,0.6000000238418579,0.9714285731315613,0.9714285731315613,0.8276751041412354,0.9330719113349915,1.0,1.0,0.0,0.0,1.0,1.0,0.0,0.0,1.0,1.0
2,4655,34270750200130,False,34270750200130,False,True,77572257200051,ASSOCIATION_VS_SAS_COLOCATED,OVERLAY60,CESI ASSOCIATION,7 Rue Diderot,62000,ARRAS,775722572,342707502,WRONG_SIREN,34270750200130,77572257200051,CESI SAS,CESI,,CESI,,,7 RUE DIDEROT,7 RUE DIDEROT,62000,62000,ARRAS,ARRAS,False,False,A,A,85.59A,85.42Z,2002-01-01,1900-01-01,2008-01-01,2022-10-19,1,2,0.8500000238418579,0.8500000238418579,0.5,0.5,8.610754013061523,8.610754013061523,0.5972222089767456,0.8500000238418579,0.8500000238418579,0.8500000238418579,0.0,0.8500000238418579,1.0,1.0,1.0,1.0,1.0,1.0,0.0,0.0,1.0,1.0,1.0,1.0,0.8500000238418579,0.8500000238418579,0.0,0.0,0.0,0.0,1.0,1.0,0.0,0.0,1.0,1.0
3,10614,41107057600037,True,83230830800010,False,True,41107057600037,BRAND_LEGALNAME_COLOCATED_HOLDING,BLIND_B2,POITOO ADHESIFS,126 Rue de la Bugellerie,86000,POITIERS,411070576,832308308,WRONG_SIREN,83230830800010,41107057600037,POITOO,SAS POITOU-ADHESIFS,,,,,126 RUE DE LA BUGELLERIE,126 RUE DE LA BUGELLERIE,86000,86000,POITIERS,POITIERS,True,True,A,A,64.20Z,46.49Z,2017-09-13,2004-11-26,2017-09-13,2024-12-18,2,1,0.8799999952316284,0.9733333587646484,0.5,0.5,10.238927841186523,10.238927841186523,0.4555555582046509,0.8799999952316284,0.8799999952316284,0.9733333587646484,0.0,0.0,1.0,1.0,1.0,1.0,1.0,1.0,0.0,0.0,1.0,1.0,1.0,1.0,0.8799999952316284,0.9733333587646484,1.0,1.0,0.0,0.0,1.0,1.0,0.0,0.0,1.0,1.0
4,fresh:FR029212,92050169900010,False,92050169900010,False,True,34328238000306,BRAND_TO_OPERATOR_SITE,BLIND_B1,FNAC Carre Sénart,3 Allée du Préambule,77127,LIEUSAINT,343282380,920501699,WRONG_SIREN,92050169900010,34328238000306,LTDN CARRE SENART,CODIREP SNC,,,LTDN CARRE SENART,,3 ALLEE DU PREAMBULE,3 ALLEE DU PREAMBULE,77127,77127,LIEUSAINT,LIEUSAINT,True,False,A,A,93.29Z,47.54Z,2022-10-04,2022-03-31,2023-04-17,2022-03-31,47,1,0.8585433959960938,0.8541176319122314,0.5,0.25,5.263673782348633,9.074026107788086,0.8585433959960938,0.8541176319122314,0.8585433959960938,0.5350140333175659,0.0,0.0,1.0,1.0,1.0,1.0,1.0,1.0,0.0,0.0,1.0,1.0,1.0,1.0,0.8585433959960938,0.8541176319122314,1.0,0.0,0.0,0.0,1.0,1.0,0.0,0.0,1.0,1.0
5,1495,53465464500025,False,53465464500025,False,True,90370122500018,COLOCATED_EXACT_LEGAL_NAME,R7,PHB CREATION,59 Avenue du Président René Coty,14390,VARAVILLE,903701225,534654645,WRONG_SIREN,53465464500025,90370122500018,PHB,PHB CREATION MAINTENANCE,EURL PHB,,EURL PHB,GREENHO,59 AVENUE DU PRESIDENT RENE COTY,59 AVENUE DU PRESIDENT RENE COTY,14390,14390,VARAVILLE,VARAVILLE,True,True,A,A,71.11Z,81.30Z,2020-09-15,2021-10-01,2020-09-15,2025-02-19,1,2,0.824999988079071,0.8999999761581421,0.5,0.6666666865348816,6.1704840660095215,6.517057418823242,0.824999988079071,0.5515872836112976,0.824999988079071,0.8999999761581421,0.0,0.0,1.0,1.0,1.0,1.0,1.0,1.0,0.0,0.0,1.0,1.0,1.0,1.0,0.824999988079071,0.8999999761581421,1.0,1.0,0.0,0.0,1.0,1.0,0.0,0.0,1.0,1.0
6,6974,35110234800015,False,35110234800015,False,True,55210360800014,COLOCATED_PROPERTY_ENTITY,R53,HOTEL DE BUCI,22 RUE DE BUCI,75006,PARIS 6EME ARRONDISSEMENT,552103608,351102348,WRONG_SIREN,35110234800015,55210360800014,SCI LEONIE JENNYFER,SOC HOTEL DE BUCI,,,,,22 RUE DE BUCI,22 RUE DE BUCI,75006,75006,PARIS,PARIS,True,True,A,A,68.20B,55.10Z,1989-05-30,1955-01-01,2008-01-01,2008-01-01,1,2,1.0,0.8376290202140808,1.0,0.6666666865348816,7.484611988067627,0.0,1.0,0.8376290202140808,0.4393162429332733,0.8190045356750488,0.0,0.0,1.0,1.0,1.0,1.0,0.0,0.0,0.0,0.0,1.0,1.0,1.0,1.0,1.0,0.8376290202140808,1.0,1.0,0.0,0.0,1.0,1.0,1.0,0.0,1.0,1.0
7,5745,53755402400019,False,53755402400019,False,True,87020005200047,COLOCATED_UNRELATED_ENTITY,R53,CESIS,126 RUE ARMAND FALLIERES,63000,CLERMONT FERRAND,870200052,537554024,WRONG_SIREN,53755402400019,87020005200047,SCM RIVALY,CESIS - CABINET D'AVOCATS,,,,,126 RUE ARMAND FALLIERES,126 RUE ARMAND FALLIERES,63100,63100,CLERMONT-FERRAND,CLERMONT-FERRAND,True,True,A,A,66.19A,69.10Z,2011-10-20,2011-11-02,2011-10-20,2011-11-02,1,2,0.843478262424469,0.843478262424469,0.3333333432674408,0.3333333432674408,11.524977684020996,11.524977684020996,0.843478262424469,0.5833333134651184,0.5222222208976746,0.843478262424469,0.0,0.561904788017273,1.0,1.0,0.0,0.0,1.0,1.0,0.0,0.0,1.0,1.0,1.0,1.0,0.843478262424469,0.843478262424469,1.0,1.0,0.0,0.0,1.0,1.0,0.0,0.0,1.0,1.0
8,16023,91313147000019,False,91313147000019,False,True,48492277800010,COLOCATION_RESOLVED_BY_NAME,BLIND_FINAL39,Vente unique,9 RUE JACQUART,93310,Le Pré-Saint-Gervais,484922778,913131470,WRONG_SIREN,91313147000019,48492277800010,VENTE-UNIQUE DELIVERY,VENTE-UNIQUE.COM,,,VENTE-UNIQUE DELIVERY,,9 RUE JACQUART,9 RUE JACQUART,93310,93310,LE PRE-SAINT-GERVAIS,LE PRE-SAINT-GERVAIS,True,True,A,A,49.41A,47.91A,2022-04-01,2005-10-10,2025-09-15,2019-12-31,2,1,0.949999988079071,0.949999988079071,0.6666666865348816,0.3333333432674408,8.071785926818848,8.071785926818848,0.949999988079071,0.586219310760498,0.9142857193946838,0.949999988079071,0.0,0.0,1.0,1.0,1.0,1.0,1.0,1.0,0.0,0.0,1.0,1.0,1.0,1.0,0.949999988079071,0.949999988079071,1.0,1.0,0.0,0.0,1.0,1.0,0.0,0.0,1.0,1.0
9,11778,48887534500024,True,45322346300028,False,True,48887534500024,EXACT_NAME_ADDRESS,BLIND_B2,ALCEANE,444 Avenue du Bois au Coq,76600,LE HAVRE,488875345,453223463,WRONG_SIREN,45322346300028,48887534500024,ASSOCIATION SPORTIVE ALCEANE DE L'OFFICE PUBLIC DE L'HABITAT DE LA COMMUNAUTE URBAINE LE HAVRE SEINE METROPOLE,ALCEANE - OPH DE LA COMMUNAUTE URBAINE LE HAVRE SEINE METROPOLE,,,,,444 AVENUE DU BOIS AU COQ,444 AVENUE DU BOIS AU COQ,76600,76600,LE HAVRE,LE HAVRE,True,True,A,A,93.12Z,68.20A,2016-01-15,2015-06-04,2016-01-15,2015-12-07,1,2,0.7642857432365417,0.8229508399963379,0.3333333432674408,0.5,10.190035820007324,10.190035820007324,0.0,0.0,0.7642857432365417,0.8229508399963379,0.7642857432365417,0.0,1.0,1.0,1.0,1.0,1.0,1.0,0.0,0.0,1.0,1.0,1.0,1.0,0.7642857432365417,0.8229508399963379,1.0,1.0,0.0,0.0,1.0,1.0,0.0,0.0,1.0,1.0
10,9174,38805696200037,False,38805696200037,False,True,42127782300066,FORMER_MANUFACTURING_ENTITY_VS_CURRENT_SERVICES_HQ,R53,NEMERA LYON,63 Avenue Tony Garnier,69007,LYON 7EME ARRONDISSEMENT,421277823,388056962,WRONG_SIREN,38805696200037,42127782300066,NEMERA LA VERPILLIERE,NEMERA SERVICES,,,,,63 AVENUE TONY GARNIER,63 AVENUE TONY GARNIER,69007,69007,LYON,LYON,False,True,A,A,22.29A,70.22Z,2022-06-15,2022-09-01,2022-09-05,2022-09-01,1,2,0.8571428656578064,0.8799999952316284,0.5,0.5,10.207770347595215,10.207770347595215,0.5277777910232544,0.4722222089767456,0.8571428656578064,0.8799999952316284,0.0,0.0,1.0,1.0,1.0,1.0,0.0,0.0,0.0,0.0,1.0,1.0,1.0,1.0,0.8571428656578064,0.8799999952316284,0.0,1.0,0.0,0.0,1.0,1.0,0.0,0.0,1.0,1.0
11,12496,44028375206603,False,91930103600019,False,True,93263285400026,FORMER_OPERATOR,R53,CARREFOUR MARKET,1 Rue de l'Yser,59200,TOURCOING,932632854,919301036,WRONG_SIREN,91930103600019,93263285400026,VD RETAIL,EURATOURCOING DISTRIBUTION,CARREFOUR MARKET,CARREFOUR MARKET,,,RUE DE L'YSER,RUE DE L'YSER,59200,59200,TOURCOING,TOURCOING,True,True,A,A,47.11D,47.11D,2022-09-30,2024-09-30,2022-09-30,2024-09-30,14,15,1.0,1.0,1.0,1.0,7.73314094543457,7.73314094543457,1.0,1.0,0.48148149251937866,0.5698717832565308,0.0,0.0,0.8786324858665466,0.8786324858665466,1.0,1.0,1.0,1.0,9999.0,9999.0,0.75,0.75,1.0,1.0,0.8786324858665466,0.8786324858665466,1.0,1.0,0.0,0.0,1.0,1.0,1.0,1.0,0.0,0.0
12,3440,51316761900024,False,51316761900024,False,True,83115766400028,GROUP_ALIAS,R53,HOLDING CHEMINAL (R TECHNOLOGIES),229 Route des Grands Champs Sud,74580,VIRY,831157664,513167619,WRONG_SIREN,51316761900024,83115766400028,PREFA DU LEMAN,R-TECHNOLOGIES,,,,,229 ROUTE DES GRANDS CHAMPS SUD,229 ROUTE DES GRANDS CHAMPS SUD,74580,74580,VIRY,VIRY,False,True,A,A,23.61Z,23.65Z,2019-09-01,2020-05-01,2019-09-01,2021-07-01,1,2,0.8969696760177612,0.8969696760177612,0.5,0.5,7.176927089691162,7.176927089691162,0.8969696760177612,0.8969696760177612,0.4903799891471863,0.5391053557395935,0.0,0.0,1.0,1.0,1.0,1.0,1.0,1.0,0.0,0.0,1.0,1.0,1.0,1.0,0.8969696760177612,0.8969696760177612,0.0,1.0,0.0,0.0,1.0,1.0,0.0,0.0,1.0,1.0
13,13801,40326772701042,False,40326772701042,False,True,30239426700140,HOTEL_OPERATOR_VS_HR_GIE,BLIND_FINAL39,Ibis Nantes Centre Tour Bretagne,19 rue Jean Jaurès,44000,NANTES,302394267,403267727,WRONG_SIREN,40326772701042,30239426700140,GIE DES HOTELS ECORED,SOCIETE D ETUDE ET DE PROMOTION HOTELIERE INTERNATIONALE,IBIS NANTES CENTRE TOUR BRETAGNE,IBIS,,,19 RUE JEAN JAURES,19 RUE JEAN JAURES,44000,44000,NANTES,NANTES,False,False,A,A,78.30Z,55.10Z,1997-01-01,1986-07-15,2016-11-19,2008-01-01,1,2,0.8842499852180481,0.8320000171661377,0.800000011920929,0.25,8.56774616241455,10.226454734802246,0.8842499852180481,0.8320000171661377,0.584810733795166,0.5954762101173401,0.0,0.46222221851348877,1.0,1.0,1.0,1.0,1.0,1.0,0.0,0.0,1.0,1.0,1.0,1.0,0.8842499852180481,0.8320000171661377,0.0,0.0,0.0,0.0,1.0,1.0,0.0,0.0,1.0,1.0
14,5020,83435639600012,False,83435639600012,False,True,78071394700015,INSTITUTE_ASSOCIATION_VS_CFC_COLOCATED,OVERLAY60,INSTITUT LEMONNIER,60 Rue d'Herouville,14000,CAEN,780713947,834356396,WRONG_SIREN,83435639600012,78071394700015,INSTITUT LEMONNIER CFC,ASSOC INSTITUT PROFESSIONEL LEMONNIER,,,,,60 RUE D'HEROUVILLE,60 RUE D'HEROUVILLE,14000,14000,CAEN,CAEN,True,True,A,A,85.59A,85.32Z,2017-12-22,1900-01-01,2018-01-05,2008-01-01,2,1,0.9636363387107849,0.7678062915802002,0.6666666865348816,0.5,8.706320762634277,8.706320762634277,0.8791666626930237,0.0,0.9636363387107849,0.7678062915802002,0.0,0.0,1.0,1.0,1.0,1.0,1.0,1.0,0.0,0.0,1.0,1.0,1.0,1.0,0.9636363387107849,0.7678062915802002,1.0,1.0,0.0,0.0,1.0,1.0,0.0,0.0,1.0,1.0
15,fresh:AC013450,82138035900025,False,82138035900025,False,True,75160184000059,LEGAL_ENTITY_AMONG_COLOCATED_GROUP,BLIND_B1,CAPSTONE,300 Route Nationale,69760,LIMONEST,751601840,821380359,WRONG_SIREN,82138035900025,75160184000059,CAPSTONE LYON SUD,CAPSTONE,,,,,300 ROUTE NATIONALE 6 PARIS CHAMBERY,300 RTE NATIONALE 6,69760,69760,LIMONEST,LIMONEST,True,False,A,A,68.20B,64.20Z,2024-08-01,2020-08-17,2024-08-01,2020-08-17,1,12,1.0,1.0,1.0,1.0,5.8408660888671875,5.8408660888671875,1.0,0.3166666626930237,0.8941176533699036,1.0,0.0,0.0,0.9055555462837219,0.9108359217643738,1.0,1.0,1.0,1.0,0.0,0.0,0.5,0.4000000059604645,0.893750011920929,0.9200000166893005,0.9055555462837219,0.9108359217643738,1.0,0.0,0.0,0.0,1.0,1.0,1.0,1.0,1.0,1.0
16,15763,77812868600111,False,77812868600111,False,True,79213618600022,LEGAL_SUCCESSOR_AFTER_CROSS_BORDER_MERGER,BLIND_FINAL39,PIONEER ARGENTEUIL,6 Avenue du Marais,95100,ARGENTEUIL,792136186,778128686,WRONG_SIREN,77812868600111,79213618600022,PIONEER FRANCE,PIONEER EUROPE NV,,,,PIONEER FRANCE,6 AVENUE DU MARAIS,6 AVENUE DU MARAIS,95100,95100,ARGENTEUIL,ARGENTEUIL,True,False,A,A,46.43Z,46.43Z,2002-01-02,2013-03-28,2011-12-31,2014-01-01,1,2,0.8999999761581421,0.8999999761581421,0.5,0.5,9.95948314666748,9.95948314666748,0.0,0.8999999761581421,0.8999999761581421,0.8823529481887817,0.0,0.0,1.0,1.0,1.0,1.0,1.0,1.0,0.0,0.0,1.0,1.0,1.0,1.0,0.8999999761581421,0.8999999761581421,1.0,0.0,0.0,0.0,1.0,1.0,0.0,0.0,1.0,1.0
17,7749,81395305600047,False,81395305600047,False,True,87895687900026,MISALIGNED_WRONG_GROUND_TRUTH,OVERLAY60,ACTERIM DOUAI,4 RUE BECQUEREL,59500,DOUAI,878956879,813953056,WRONG_SIREN,81395305600047,87895687900026,ACTERIM NORD EST,ACTERIM LILLE,,,,,RUE BECQUEREL,RUE BECQUEREL,59500,59500,DOUAI,DOUAI,False,False,A,A,78.20Z,78.20Z,2017-07-01,2019-12-01,2017-07-01,2021-01-01,1,3,1.0,0.9076923131942749,1.0,0.5,8.545390129089355,8.545390129089355,0.0,0.5396825671195984,1.0,0.9076923131942749,1.0,0.0,0.904273509979248,0.904273509979248,1.0,1.0,1.0,1.0,9999.0,9999.0,0.6666666865348816,0.6666666865348816,1.0,1.0,0.904273509979248,0.8208020925521851,0.0,0.0,0.0,0.0,1.0,1.0,1.0,0.0,0.0,0.0
18,16700,88252490300011,False,88252490300011,False,True,78461733400098,MULTISITE_BRANCH,BLIND_B2,ESPI LEVALLOIS,12 rue Belgrand,92300,LEVALLOIS PERRET,784617334,882524903,WRONG_SIREN,88252490300011,78461733400098,ESPI ISRAEL,GROUPE ECOLE SUPERIEURE DES PROFESSIONS IMMOBILIERES,,,,,12 RUE BELGRAND,12 RUE BELGRAND,92300,92300,LEVALLOIS-PERRET,LEVALLOIS-PERRET,True,False,A,A,94.99Z,85.42Z,2020-03-03,2019-06-17,2020-03-03,2019-06-17,2,1,0.8727272748947144,0.6089743375778198,0.5,0.5,9.4932279586792,0.0,0.0,0.0,0.8727272748947144,0.6089743375778198,0.0,0.4469696879386902,1.0,1.0,1.0,1.0,1.0,1.0,0.0,0.0,1.0,1.0,1.0,1.0,0.8727272748947144,0.6089743375778198,1.0,0.0,0.0,0.0,1.0,1.0,0.0,0.0,1.0,1.0
19,12605,77568013500701,False,77568013500701,False,True,80863414100242,MULTI_SITE_EXACT_ADDRESS,BLIND_B2,Promotrans,11 Rue John Hadley,59650,Villeneuve-d'Ascq,808634141,775680135,WRONG_SIREN,77568013500701,80863414100242,ASSOCIATION POUR LA PROMOTION SOCIALE ET LA FORMATION PROFESSIONNELLE DANS LES TRANSPORTS ROUTIERS,PROMOTRANS FORMATION PROFESSIONNELLE CONTINUE,,,,,RUE JOHN HADLEY,RUE JOHN HADLEY,59650,59650,VILLENEUVE-D'ASCQ,VILLENEUVE-D'ASCQ,False,False,A,A,85.59A,85.59A,1999-11-08,2015-07-01,2008-01-01,2015-07-01,9,11,1.0,0.9333333373069763,1.0,0.5,9.116357803344727,9.116357803344727,0.0,0.4512820541858673,1.0,0.9333333373069763,1.0,0.9333333373069763,0.855555534362793,0.855555534362793,1.0,1.0,1.0,1.0,9999.0,9999.0,0.75,0.75,1.0,1.0,0.855555534362793,0.7985185384750366,0.0,0.0,0.0,0.0,1.0,1.0,1.0,0.0,0.0,0.0
20,15330,93497059100012,False,93497059100012,False,True,32711362700019,RANKER_MISSED_TRUE_CANDIDATE_RANK23,R53,CLINIQUE DE TOURNAN,2 RUE JULES LEFEBVRE,77220,Tournan-en-Brie,327113627,934970591,WRONG_SIREN,93497059100012,32711362700019,,SOCIETE EXPLOITATION CLINIQUE DE TOURNAN,CLINIQUE,,CABINET D'ANESTHESIE CLINIQUE DE TOURNAN EN BRIE,,2 RUE JULES LEFEBVRE,RUE JULES LEFEBVRE,77220,77220,TOURNAN-EN-BRIE,TOURNAN-EN-BRIE,True,True,A,A,86.22C,86.10Z,2024-09-02,1983-04-01,2024-09-02,2008-01-01,20,44,0.9454545378684998,0.5174242258071899,1.0,0.25,6.305168628692627,6.305168628692627,0.9454545378684998,0.0,0.5292929410934448,0.5174242258071899,0.0,0.0,1.0,0.8740741014480591,1.0,1.0,1.0,1.0,0.0,9999.0,1.0,0.75,1.0,1.0,0.9454545378684998,0.4522671103477478,1.0,1.0,0.0,0.0,1.0,1.0,0.0,0.0,1.0,0.0
21,9546,53976478700039,False,53976478700039,False,True,44101664900036,RANKER_MISSED_TRUE_CANDIDATE_RANK30,R53,Alcyaconseil,112 Rue Garibaldi,69006,LYON 6E ARRONDISSEMENT,441016649,539764787,WRONG_SIREN,53976478700039,44101664900036,,ELAN JUDICIAIRE,ALCYACONSEIL,,,,112 RUE GARIBALDI,112 RUE GARIBALDI,69006,69006,LYON,LYON,True,True,A,A,69.10Z,69.10Z,2019-06-06,2006-08-28,2019-06-06,2008-01-01,4,26,1.0,0.46666666865348816,1.0,0.0,9.823427200317383,0.0,1.0,0.0,0.6210317611694336,0.46666666865348816,0.0,0.46666666865348816,1.0,1.0,1.0,1.0,0.0,0.0,0.0,0.0,1.0,1.0,1.0,1.0,1.0,0.46666666865348816,1.0,1.0,0.0,0.0,1.0,1.0,1.0,0.0,1.0,1.0
22,12298,33320208300015,False,33320208300015,False,True,44137831200025,STALE_ADDRESS_CURRENT_ACTIVE_HEADQUARTERS,ACCEPTOR30,DAMARTEX GROUP,25 Avenue de la Fosse aux Chenes,59100,ROUBAIX,441378312,333202083,WRONG_SIREN,33320208300015,44137831200025,DAMART,DAMARTEX,,,,,25 AVENUE DE LA FOSSE AUX CHENES,160 BOULEVARD DE FOURMIES,59100,59100,ROUBAIX,ROUBAIX,False,True,A,A,47.91B,64.20Z,1985-07-30,2017-07-01,2008-01-01,2017-07-01,1,15,0.9142857193946838,0.9142857193946838,0.5,0.5,9.800013542175293,9.800013542175293,0.9142857193946838,0.523809552192688,0.8857142925262451,0.9142857193946838,0.0,0.0,1.0,0.5562499761581421,1.0,1.0,1.0,1.0,0.0,135.0,1.0,0.10000000149011612,1.0,0.5736179351806641,0.9142857193946838,0.508571445941925,0.0,1.0,0.0,0.0,1.0,1.0,0.0,0.0,1.0,0.0
23,12237,84797861600013,False,84797861600013,False,True,42156896500139,STALE_ADDRESS_TRANSFER,BLIND_B2,OXYA,"1, rue de Londres",59120,LOOS,421568965,847978616,WRONG_SIREN,84797861600013,42156896500139,OXYA FOOTBALL CLUB,OXYA,,,,,1 RUE DE LONDRES,3 RUE DE LONDRES,59120,59120,LOOS,LOOS,True,False,A,A,93.12Z,62.02A,2013-01-09,2023-03-01,2013-01-09,2023-03-01,1,2,0.8444444537162781,1.0,0.3333333432674408,1.0,8.223295211791992,8.223295211791992,0.0,0.8799999952316284,0.8444444537162781,1.0,0.0,0.0,0.9823529124259949,0.9399510025978088,1.0,1.0,1.0,1.0,0.0,2.0,0.6000000238418579,0.6000000238418579,0.886904776096344,0.886904776096344,0.8295425176620483,0.9399510025978088,1.0,0.0,0.0,0.0,1.0,1.0,0.0,1.0,1.0,0.0
24,fresh:FR018872,51137608900021,False,51137608900021,False,True,50827119400021,SUCCESSOR_BY_MERGER_COLOCATION,BLIND_FINAL39,LEA ET LEO,7 PLACE DE L'EUROPE,14200,HEROUVILLE SAINT CLAIR,508271194,511376089,WRONG_SIREN,51137608900021,50827119400021,LEA ET LEO GROUPE,LEA ET LEO GRAND OUEST,,,,,7 PLACE DE L'EUROPE,7 PLACE DE L'EUROPE,14200,14200,HEROUVILLE-SAINT-CLAIR,HEROUVILLE-SAINT-CLAIR,True,True,A,A,64.20Z,88.91A,2009-04-01,2011-03-30,2022-06-01,2022-01-01,1,7,0.9176470637321472,0.9176470637321472,0.75,0.75,6.237978935241699,6.237978935241699,0.3444444537162781,0.9176470637321472,0.9176470637321472,0.8909090757369995,0.0,0.0,1.0,1.0,1.0,1.0,1.0,1.0,0.0,0.0,1.0,1.0,1.0,1.0,0.9176470637321472,0.9176470637321472,1.0,1.0,0.0,0.0,1.0,1.0,0.0,0.0,1.0,1.0
25,7373,48146271100021,False,48146271100021,False,True,78931279000015,UIMM_LEGAL_ENTITY_CONFUSION,OVERLAY60,UIMM,6 Rue Ettore Bugatti,67201,Eckbolsheim,789312790,481462711,WRONG_SIREN,48146271100021,78931279000015,UNION IND METIERS METALLURGIE BAS RHIN,UNION DES INDUSTRIES ET METIERS DE LA METALLURGIE ALSACE,,,,,6 RUE ETTORE BUGATTI,6 RUE ETTORE BUGATTI,67201,67201,ECKBOLSHEIM,ECKBOLSHEIM,True,True,A,A,94.12Z,94.12Z,2011-07-01,2012-10-25,2012-12-31,2012-10-25,1,3,0.8615384697914124,0.8727272748947144,0.3333333432674408,0.5,7.4291815757751465,7.4291815757751465,0.0,0.0,0.8615384697914124,0.8727272748947144,0.8615384697914124,0.8727272748947144,1.0,1.0,1.0,1.0,1.0,1.0,0.0,0.0,1.0,1.0,1.0,1.0,0.8615384697914124,0.8727272748947144,1.0,1.0,0.0,0.0,1.0,1.0,0.0,0.0,1.0,1.0
26,1710,20006502700019,True,20006502700167,False,True,20006502700019,ADJUDICATED_REVIEW,R30,COMMUNE DE THUE ET MUE,10 Place des Canadiens,14740,Thue et Mue,200065027,200065027,WRONG_SITE_SAME_SIREN,20006502700167,20006502700019,COMMUNE DE THUE ET MUE,COMMUNE DE THUE ET MUE,LOTISSEMENT COEUR BOURG BRETTEVILLE L'ORGUEILLEUSE,MAIRIE,,,10 PLACE DES CANADIENS,10 PL DES CANADIENS,14740,14210,THUE ET MUE,THUE ET MUE,False,True,A,A,42.99Z,84.11Z,2024-09-18,2017-01-01,2024-09-18,2017-01-01,2,1,0.8909090757369995,0.8909090757369995,0.25,0.25,6.0332350730896,6.0332350730896,0.528333306312561,0.5111111402511597,0.8909090757369995,0.8909090757369995,0.0,0.0,1.0,0.920095682144165,1.0,0.0,1.0,1.0,0.0,0.0,1.0,0.6000000238418579,1.0,0.8745614290237427,0.8909090757369995,0.8197215795516968,0.0,1.0,0.0,0.0,1.0,1.0,0.0,0.0,1.0,1.0
27,3699,40006189100091,False,40006189100091,False,True,40006189100042,ADJUDICATED_REVIEW,R30,SIDEM ELECTRICITÉ (Groupe Mention & Co),16 Rue André Durouchez,80000,AMIENS,400061891,400061891,WRONG_SITE_SAME_SIREN,40006189100091,40006189100042,EIFFAGE ENERGIE SYSTEMES - SIDEM ELECTRICITE,EIFFAGE ENERGIE SYSTEMES - SIDEM ELECTRICITE,,SIDEM ELECTRICITE,SIDEM ELECTRICITE,SIDEM ELECTRICITE,16 RUE ANDRE DUROUCHEZ,16 RUE ANDRE DUROUCHEZ,80080,80080,AMIENS,AMIENS,False,True,A,A,43.21A,43.21A,2021-11-01,2016-01-01,2021-11-01,2021-10-04,1,2,0.8871794939041138,0.8871794939041138,0.4000000059604645,0.4000000059604645,9.242767333984375,9.242767333984375,0.8871794939041138,0.8871794939041138,0.8871794939041138,0.8871794939041138,0.6365845203399658,0.6365845203399658,1.0,1.0,0.0,0.0,1.0,1.0,0.0,0.0,1.0,1.0,1.0,1.0,0.8871794939041138,0.8871794939041138,0.0,1.0,0.0,0.0,1.0,1.0,0.0,0.0,1.0,1.0
28,5691,77918786300039,False,77918786300021,False,True,77918786300013,ADJUDICATED_REVIEW,R30,LYCEE SAINTE THECLE,7 RUE AMELIE MURAT,63400,CHAMALIERES,779187863,779187863,WRONG_SITE_SAME_SIREN,77918786300021,77918786300013,GROUPE SCOLAIRE STE THECLE,GROUPE SCOLAIRE STE THECLE,COLLEGE STE THECLE,,,,7 RUE AMELIE MURAT,7 RUE AMELIE MURAT,63400,63400,CHAMALIERES,CHAMALIERES,False,True,A,A,85.31Z,85.31Z,1986-02-12,1900-01-01,2008-01-01,2008-01-01,3,4,0.9684210419654846,0.9684210419654846,0.5,0.5,7.992379665374756,7.992379665374756,0.8520467877388,0.0,0.9684210419654846,0.9684210419654846,0.3684210479259491,0.3684210479259491,1.0,1.0,1.0,1.0,1.0,1.0,0.0,0.0,1.0,1.0,1.0,1.0,0.9684210419654846,0.9684210419654846,0.0,1.0,0.0,0.0,1.0,1.0,0.0,0.0,1.0,1.0
29,12428,34738457000664,False,34738457000664,False,True,34738457000573,EXACT_BRAND_ADDRESS,BLIND_B2,BOULANGER,Avenue de l’Avenir,59650,Villeneuve-d'Ascq,347384570,347384570,WRONG_SITE_SAME_SIREN,34738457000664,34738457000573,BOULANGER,BOULANGER,,,,,AVENUE DE L’AVENIR,AVENUE DE L’AVENIR,59650,59650,VILLENEUVE-D'ASCQ,VILLENEUVE-D'ASCQ,False,False,A,A,47.54Z,47.54Z,1996-02-12,1995-11-14,2022-11-15,2008-01-01,1,2,1.0,1.0,1.0,1.0,8.934036254882812,8.934036254882812,0.5497075915336609,0.5497075915336609,1.0,1.0,0.0,0.0,1.0,1.0,1.0,1.0,1.0,1.0,9999.0,9999.0,1.0,1.0,1.0,1.0,1.0,1.0,0.0,0.0,0.0,0.0,1.0,1.0,1.0,1.0,0.0,0.0
30,fresh:FR017175,34420651100497,False,34420651100497,False,True,34420651100216,MULTI_SITE_NETWORK_EXACT_LOCATION,BLIND_FINAL39,BLUE GREEN,8 Mail de la Justice,94440,MAROLLES EN BRIE,344206511,344206511,WRONG_SITE_SAME_SIREN,34420651100497,34420651100216,BLUE GREEN,BLUE GREEN,,GOLF DE MAROLLES EN BRIE,,,MAIL DE LA JUSTICE,MAIL DE LA JUSTICE,94440,94440,MAROLLES-EN-BRIE,MAROLLES-EN-BRIE,False,False,A,A,56.10A,93.11Z,2018-09-01,1995-08-01,2025-06-30,2008-01-01,1,2,1.0,1.0,1.0,1.0,7.210599899291992,7.210599899291992,0.8714285492897034,0.8714285492897034,1.0,1.0,0.0,0.0,0.8740741014480591,0.8740741014480591,1.0,1.0,1.0,1.0,9999.0,9999.0,0.800000011920929,0.800000011920929,1.0,1.0,0.8740741014480591,0.8740741014480591,0.0,0.0,0.0,0.0,1.0,1.0,1.0,1.0,0.0,0.0
31,11198,77567227229487,False,77567227229487,False,True,77567227214968,PUBLIC_ALIAS_EXACT_SITE,BLIND_B1,Croix Rouge Francaise,2 Place Henry Dunant,34790,GRABELS,775672272,775672272,WRONG_SITE_SAME_SIREN,77567227229487,77567227214968,CROIX ROUGE FRANCAISE,CROIX ROUGE FRANCAISE,CRFP LANGUEDOC ROUSSILLON,ECOLE SECRETARIAT MEDICO SOCIAL,,,2 PLACE HENRI DUNANT,2 PLACE HENRI DUNANT,34790,34790,GRABELS,GRABELS,False,False,A,A,85.59A,85.42Z,2009-12-25,1997-02-01,2011-02-20,2008-01-01,1,2,1.0,1.0,1.0,1.0,8.712444305419922,8.712444305419922,0.6756349205970764,0.5632360577583313,1.0,1.0,0.5873016119003296,0.5873016119003296,0.9800000190734863,0.9800000190734863,1.0,1.0,1.0,1.0,0.0,0.0,0.6000000238418579,0.6000000238418579,0.9777777791023254,0.9777777791023254,0.9800000190734863,0.9800000190734863,0.0,0.0,0.0,0.0,1.0,1.0,1.0,1.0,1.0,1.0
32,13820,45402394600493,False,45402394600493,False,True,45402394600220,RESIDENCE_OPERATOR_VS_OWNERS,BLIND_FINAL39,Cap West Leinster,92 rue du Leinster,44240,CHAPELLE SUR ERDRE,454023946,454023946,WRONG_SITE_SAME_SIREN,45402394600493,45402394600220,SASU CAPWEST GROUPE,SASU CAPWEST GROUPE,,,CAP WEST LEINSTER II,CAP WEST LEINSTER I,92 RUE DU LEINSTER,92 RUE DU LEINSTER,44240,44240,LA CHAPELLE-SUR-ERDRE,LA CHAPELLE-SUR-ERDRE,False,False,A,A,55.10Z,55.10Z,2023-11-01,2014-11-07,2023-11-01,2023-11-13,1,2,0.9700000286102295,0.9789473414421082,0.75,1.0,7.114856243133545,7.114856243133545,0.9700000286102295,0.9789473414421082,0.667506992816925,0.667506992816925,0.0,0.0,1.0,1.0,1.0,1.0,0.0,0.0,0.0,0.0,1.0,1.0,1.0,1.0,0.9700000286102295,0.9789473414421082,0.0,0.0,0.0,0.0,1.0,1.0,0.0,0.0,1.0,1.0
33,10613,26860086300115,True,26860086300016,False,True,26860086300115,SIEGE_BIAS,R53,IDEF 86,189 rue de la Gibauderie,86000,POITIERS,268600863,268600863,WRONG_SITE_SAME_SIREN,26860086300016,26860086300115,INST DEPART PROTECT ENFANCE ACCOMP FAMIL,INST DEPART PROTECT ENFANCE ACCOMP FAMIL,FOYER DE L'ENFANCE,SAEF DE L'IDEF - POITIERS,,,189 RUE DE LA GIBAUDERIE,189 RUE DE LA GIBAUDERIE,86000,86000,POITIERS,POITIERS,True,False,A,A,87.90A,88.99A,1994-01-01,2005-01-31,2008-01-01,2013-04-15,5,1,0.9142857193946838,0.9142857193946838,0.5,0.5,9.833462715148926,9.833462715148926,0.5145502686500549,0.5105590224266052,0.9142857193946838,0.9142857193946838,0.9142857193946838,0.9142857193946838,1.0,1.0,1.0,1.0,1.0,1.0,0.0,0.0,1.0,1.0,1.0,1.0,0.9142857193946838,0.9142857193946838,1.0,0.0,1.0,0.0,1.0,1.0,0.0,0.0,1.0,1.0
34,1401,26140097200236,False,26140092300346,False,True,26140092300320,STALE_WRONG_GROUND_TRUTH,OVERLAY60,CENTRE HOSPITALIER D'AUNAY SUR ODON,5 Rue de l'Hopital,14260,AUNAY SUR ODON,261400923,261400923,WRONG_SITE_SAME_SIREN,26140092300346,26140092300320,CENTRE HOSPITALIER AUNAY-BAYEUX,CENTRE HOSPITALIER AUNAY-BAYEUX,SSIAD AUNAY SUR ODON,SITE AUNAY SUR ODON,,,5 RUE DE L'HOPITAL,5 RUE DE L'HOPITAL,14260,14260,LES MONTS D'AUNAY,LES MONTS D'AUNAY,False,False,A,A,86.90D,86.10Z,2018-01-01,2018-01-01,2018-01-01,2018-01-01,1,3,0.9394540786743164,0.9394540786743164,0.4000000059604645,0.4000000059604645,7.001774311065674,7.001774311065674,0.5482906103134155,0.5998650193214417,0.9394540786743164,0.9394540786743164,0.0,0.0,1.0,1.0,1.0,1.0,0.0,0.0,0.0,0.0,1.0,1.0,1.0,1.0,0.9394540786743164,0.9394540786743164,0.0,0.0,0.0,0.0,1.0,1.0,0.0,0.0,1.0,1.0
35,16784,34081848300489,False,34081848300489,False,True,34081848300018,WRONG_SITE_SAME_SIREN,R53,ASSOCIATION DIOCESAINE DE CRETEIL,2 Rue Pasteur Vallery Radot,94000,CRETEIL,340818483,340818483,WRONG_SITE_SAME_SIREN,34081848300489,34081848300018,ASSOCIATION DIOCESAINE DE CRETEIL,ASSOCIATION DIOCESAINE DE CRETEIL,,,,,2 AVENUE PASTEUR VALLERY-RADOT,2 AVENUE PASTEUR VALLERY-RADOT,94000,94000,CRETEIL,CRETEIL,False,True,A,A,01.49Z,94.91Z,2019-04-20,1987-04-10,2019-04-20,2008-01-01,1,2,0.9515151381492615,0.9515151381492615,0.6666666865348816,0.6666666865348816,7.690677642822266,7.690677642822266,0.0,0.0,0.9515151381492615,0.9515151381492615,0.0,0.0,0.8725166320800781,0.8725166320800781,1.0,1.0,1.0,1.0,0.0,0.0,0.6666666865348816,0.6666666865348816,0.8279365301132202,0.8279365301132202,0.8302127718925476,0.8302127718925476,0.0,1.0,1.0,1.0,1.0,1.0,0.0,0.0,1.0,1.0
